"dateOpe","description","montantOpe","numCpt","codeTypeOpe"
2022-09-16 12:08:47,,-924,LI00000003,RET
2020-10-21 07:40:55,,-934,LI00000001,VIR
2020-10-21 07:40:55,,934,CO00000001,VIR
2020-09-25 18:48:25,,-300,CC00000001,DEP
2020-04-24 20:03:31,,-552,LI00000003,VIR
2020-04-24 20:03:31,,552,LI00000001,VIR
2021-09-18 02:08:09,,-363,LI00000003,RET
2022-01-16 10:56:57,,-991,CO00000002,VIR
2022-01-16 10:56:57,,991,LI00000006,VIR
2021-02-15 19:18:03,,-974,LI00000005,VIR
2021-02-15 19:18:03,,974,CO00000003,VIR
2022-09-27 18:39:23,,-184,LI00000003,RET
2022-04-13 20:08:47,,-737,CO00000005,RET
2020-11-12 05:23:46,,-714,CO00000008,VIR
2020-11-12 05:23:46,,714,CO00000010,VIR
2021-01-17 18:39:42,,-101,CO00000004,RET
2020-07-27 02:06:08,,-544,CO00000001,DEP
2021-05-29 09:05:24,,-139,CO00000003,RET
2020-06-21 19:00:12,,-743,CC00000002,RET
2020-08-18 22:31:26,,-732,CC00000002,VIR
2020-08-18 22:31:26,,732,LI00000005,VIR
2020-04-14 08:31:05,,-86,LI00000003,DEP
2021-03-30 05:27:56,,-379,LI00000006,DEP
2021-07-05 07:19:36,,-380,CO00000012,DEP
2022-05-23 06:56:20,,-420,LI00000004,VIR
2022-05-23 06:56:20,,420,CO00000006,VIR
2021-10-06 01:55:45,,-742,CO00000002,VIR
2021-10-06 01:55:45,,742,CO00000007,VIR
2021-03-13 05:16:10,,-13,CO00000012,VIR
2021-03-13 05:16:10,,13,CO00000002,VIR
2022-06-06 22:28:51,,-923,LI00000006,RET
2022-10-28 01:33:28,,-136,LI00000003,VIR
2022-10-28 01:33:28,,136,LI00000006,VIR
2020-10-18 16:54:57,,-450,CO00000009,RET
2022-09-19 04:32:31,,-408,CC00000002,RET
2020-11-12 02:32:07,,-899,CO00000003,VIR
2020-11-12 02:32:07,,899,CO00000005,VIR
2022-06-25 10:04:16,,-319,CO00000006,VIR
2022-06-25 10:04:16,,319,CO00000007,VIR
2021-06-01 01:11:12,,-987,CO00000009,RET
2020-03-16 15:07:24,,-389,CO00000004,RET
2022-06-24 18:59:19,,-781,LI00000003,RET
2022-12-04 17:07:48,,-534,CO00000009,RET
2021-09-24 00:15:14,,-231,CO00000003,DEP
2020-07-05 08:47:43,,-561,CO00000005,DEP
2020-07-21 23:00:27,,-258,CO00000006,RET
2021-09-19 10:48:53,,-442,CO00000012,RET
2020-11-25 09:45:12,,-685,LI00000005,VIR
2020-11-25 09:45:12,,685,CO00000002,VIR
2021-10-11 14:36:05,,-44,LI00000001,VIR
2021-10-11 14:36:05,,44,CO00000002,VIR
2022-10-16 12:23:20,,-726,CO00000004,DEP
2020-06-27 00:18:46,,-96,CC00000002,RET
2021-03-08 16:06:23,,-219,CO00000004,VIR
2021-03-08 16:06:23,,219,CC00000001,VIR
2020-12-03 16:54:23,,-599,LI00000002,DEP
2021-03-06 02:25:11,,-631,CO00000010,DEP
2021-11-22 10:29:15,,-671,CO00000012,RET
2022-03-24 02:57:13,,-818,CO00000005,DEP
2022-03-13 07:09:54,,-882,CO00000003,VIR
2022-03-13 07:09:54,,882,LI00000002,VIR
2022-11-23 19:03:45,,-983,LI00000001,DEP
2022-09-11 23:21:47,,-654,CO00000009,RET
2021-11-18 21:55:20,,-850,CO00000006,VIR
2021-11-18 21:55:20,,850,CO00000009,VIR
2021-06-14 23:29:48,,-606,CC00000001,RET
2021-11-28 11:11:41,,-757,CO00000008,DEP
2020-09-30 22:23:20,,-870,CO00000002,RET
2022-03-22 14:57:47,,-104,CC00000001,RET
2022-10-12 13:13:47,,-911,CO00000008,VIR
2022-10-12 13:13:47,,911,CO00000006,VIR
2021-05-03 20:01:12,,-183,CC00000001,VIR
2021-05-03 20:01:12,,183,LI00000003,VIR
2020-05-10 10:24:04,,-127,CO00000006,VIR
2020-05-10 10:24:04,,127,LI00000005,VIR
2022-09-06 02:05:30,,-798,CO00000004,DEP
2020-07-09 03:01:00,,-698,CO00000002,RET
2020-02-02 01:41:30,,-472,CO00000010,DEP
2021-02-21 10:49:14,,-549,CO00000007,DEP
2021-05-22 13:00:59,,-377,CO00000010,DEP
2021-03-20 20:51:15,,-318,CO00000011,RET
2021-08-27 01:21:09,,-724,CO00000010,VIR
2021-08-27 01:21:09,,724,CO00000003,VIR
2021-10-08 06:31:48,,-839,CO00000004,DEP
2022-10-19 16:19:53,,-317,CO00000012,DEP
2022-09-04 02:16:25,,-686,CC00000002,VIR
2022-09-04 02:16:25,,686,CO00000004,VIR
2021-03-15 14:58:49,,-663,CO00000009,DEP
2022-02-03 09:36:45,,-781,CO00000012,DEP
2021-06-24 13:04:29,,-844,CC00000001,VIR
2021-06-24 13:04:29,,844,CO00000001,VIR
2021-08-09 11:22:03,,-430,CO00000011,VIR
2021-08-09 11:22:03,,430,LI00000001,VIR
2020-10-23 05:17:16,,-870,CO00000004,RET
2021-01-24 08:53:28,,-206,LI00000006,DEP
2020-10-25 00:32:20,,-952,CO00000005,VIR
2020-10-25 00:32:20,,952,CO00000003,VIR
2021-11-13 06:53:46,,-269,CO00000011,DEP
2020-02-24 08:37:47,,-662,CO00000010,VIR
2020-02-24 08:37:47,,662,CC00000001,VIR
2022-09-15 11:31:34,,-185,CO00000004,DEP
2021-05-02 17:13:14,,-320,LI00000005,VIR
2021-05-02 17:13:14,,320,CO00000001,VIR
2022-10-30 12:06:17,,-513,CO00000005,RET
2021-02-02 11:35:45,,-784,CO00000011,VIR
2021-02-02 11:35:45,,784,LI00000001,VIR
2022-07-22 02:10:32,,-701,CO00000004,DEP
2022-04-16 11:41:28,,-992,LI00000005,VIR
2022-04-16 11:41:28,,992,LI00000005,VIR
2022-10-06 06:08:26,,-868,CO00000001,RET
2021-03-05 04:19:32,,-136,CO00000009,DEP
2020-07-22 00:25:29,,-619,CO00000012,DEP
2021-08-31 12:36:00,,-549,CO00000008,RET
2020-09-26 03:46:34,,-626,CC00000002,RET
2020-10-07 22:45:46,,-179,LI00000001,RET
2020-07-10 23:00:07,,-164,LI00000005,DEP
2020-07-21 00:55:10,,-478,CC00000002,RET
2021-02-23 19:39:48,,-795,CO00000009,VIR
2021-02-23 19:39:48,,795,LI00000001,VIR
2022-03-01 00:16:17,,-703,LI00000003,DEP
2020-08-11 02:27:49,,-785,CO00000011,DEP
2021-10-31 09:23:48,,-413,CC00000002,DEP
2020-11-06 16:34:45,,-261,LI00000003,DEP
2020-10-26 11:12:26,,-221,LI00000003,VIR
2020-10-26 11:12:26,,221,LI00000003,VIR
2020-02-22 08:11:30,,-484,CO00000005,DEP
2021-01-12 09:12:54,,-669,CO00000004,RET
2022-05-02 04:06:53,,-248,LI00000003,DEP
2020-02-05 08:36:09,,-71,LI00000004,VIR
2020-02-05 08:36:09,,71,CO00000002,VIR
2022-01-04 02:45:23,,-68,CO00000006,DEP
2022-04-21 16:16:33,,-586,LI00000001,VIR
2022-04-21 16:16:33,,586,CO00000012,VIR
2021-01-27 20:49:35,,-527,CO00000003,RET
2022-11-26 03:25:28,,-664,CO00000006,VIR
2022-11-26 03:25:28,,664,LI00000001,VIR
2021-12-13 07:52:25,,-797,CO00000009,RET
2022-01-13 18:14:56,,-526,CO00000003,VIR
2022-01-13 18:14:56,,526,CO00000006,VIR
2022-09-09 19:36:39,,-747,LI00000003,VIR
2022-09-09 19:36:39,,747,CO00000011,VIR
2021-01-19 14:17:39,,-225,CO00000010,VIR
2021-01-19 14:17:39,,225,CO00000004,VIR
2021-01-13 06:03:06,,-656,CO00000011,RET
2021-02-12 11:17:37,,-838,LI00000004,VIR
2021-02-12 11:17:37,,838,CO00000008,VIR
2021-01-19 19:00:43,,-237,CO00000011,DEP
2020-05-21 14:12:27,,-961,LI00000004,DEP
2022-05-25 17:33:12,,-194,CO00000011,DEP
2021-11-22 10:48:09,,-185,CO00000008,VIR
2021-11-22 10:48:09,,185,CO00000006,VIR
2022-12-16 11:14:50,,-385,CO00000003,VIR
2022-12-16 11:14:50,,385,CO00000003,VIR
2021-09-08 19:32:05,,-503,LI00000004,DEP
2022-05-05 07:36:34,,-524,CO00000008,DEP
2021-01-14 19:14:09,,-107,CO00000003,DEP
2022-10-09 16:40:07,,-892,LI00000002,VIR
2022-10-09 16:40:07,,892,LI00000003,VIR
2020-11-01 14:57:48,,-138,LI00000003,VIR
2020-11-01 14:57:48,,138,CO00000007,VIR
2022-08-11 05:09:14,,-738,CC00000002,RET
2022-05-14 16:14:02,,-152,CO00000002,DEP
2020-05-06 06:21:40,,-899,LI00000002,RET
2020-12-31 01:28:58,,-768,CO00000007,RET
2021-05-15 14:35:01,,-476,CO00000001,VIR
2021-05-15 14:35:01,,476,CO00000005,VIR
2020-03-17 11:47:58,,-449,CO00000011,RET
2021-08-12 01:08:09,,-327,CO00000011,RET
2020-12-31 02:40:53,,-480,CC00000002,VIR
2020-12-31 02:40:53,,480,LI00000001,VIR
2021-05-20 02:14:10,,-694,CC00000002,VIR
2021-05-20 02:14:10,,694,CC00000002,VIR
2022-04-12 23:43:42,,-50,CO00000010,RET
2020-06-02 11:02:45,,-989,CO00000010,RET
2021-03-18 10:08:52,,-262,CO00000011,RET
2021-06-15 13:13:41,,-301,LI00000006,RET
2022-03-09 11:04:52,,-596,CO00000004,DEP
2022-03-29 18:54:48,,-621,CO00000011,DEP
2021-12-09 18:37:06,,-638,CO00000011,VIR
2021-12-09 18:37:06,,638,CO00000004,VIR
2020-11-12 16:06:29,,-300,LI00000006,RET
2020-10-10 00:45:17,,-205,CO00000005,DEP
2020-09-19 11:42:23,,-426,CO00000002,VIR
2020-09-19 11:42:23,,426,LI00000004,VIR
2020-09-01 00:05:50,,-333,CO00000005,DEP
2020-08-11 02:13:30,,-198,CC00000002,DEP
2020-09-04 06:50:46,,-837,LI00000003,RET
2022-06-28 06:33:23,,-698,LI00000001,VIR
2022-06-28 06:33:23,,698,LI00000006,VIR
2021-09-27 06:11:46,,-486,CO00000005,VIR
2021-09-27 06:11:46,,486,CO00000008,VIR
2021-06-25 18:42:02,,-184,CC00000002,RET
2020-08-27 17:36:01,,-104,CO00000002,DEP
2020-05-13 11:43:34,,-714,LI00000005,DEP
2020-02-15 22:30:22,,-625,CO00000005,RET
2020-12-15 20:24:56,,-593,CO00000003,VIR
2020-12-15 20:24:56,,593,CO00000003,VIR
2020-12-04 07:31:33,,-602,LI00000006,VIR
2020-12-04 07:31:33,,602,CO00000011,VIR
2022-04-27 05:55:54,,-797,CO00000003,DEP
2020-02-28 04:59:54,,-523,CC00000002,VIR
2020-02-28 04:59:54,,523,CO00000002,VIR
2021-06-23 15:36:44,,-509,LI00000005,RET
2022-12-05 03:35:00,,-927,CO00000003,DEP
2020-12-03 11:31:53,,-112,LI00000002,RET
2020-02-11 12:17:37,,-19,CO00000004,RET
2020-09-22 05:39:23,,-890,CO00000003,DEP
2021-12-28 01:47:26,,-402,LI00000002,VIR
2021-12-28 01:47:26,,402,CO00000009,VIR
2020-09-06 17:23:53,,-971,CO00000008,VIR
2020-09-06 17:23:53,,971,CO00000010,VIR
2022-04-10 16:32:09,,-376,CO00000008,RET
2020-07-26 14:45:53,,-691,CO00000005,RET
2020-12-02 19:53:34,,-645,CO00000006,DEP
2022-04-05 23:56:27,,-86,CO00000012,VIR
2022-04-05 23:56:27,,86,CO00000006,VIR
2020-09-14 02:46:43,,-352,CO00000008,DEP
2022-09-28 20:04:41,,-738,LI00000002,DEP
2022-03-31 08:17:46,,-25,CO00000009,DEP
2021-04-12 14:43:44,,-909,LI00000001,RET
2020-12-25 01:31:03,,-496,CC00000001,DEP
2022-09-07 01:00:49,,-395,CC00000001,DEP
2021-08-27 14:03:53,,-767,CO00000002,RET
2022-04-16 12:02:35,,-621,CO00000001,DEP
2020-11-15 20:15:28,,-636,CO00000012,VIR
2020-11-15 20:15:28,,636,LI00000001,VIR
2020-03-16 19:02:52,,-380,LI00000003,RET
2021-12-27 22:28:32,,-561,CO00000008,RET
2022-10-21 11:26:17,,-90,LI00000001,VIR
2022-10-21 11:26:17,,90,CO00000001,VIR
2020-10-19 06:11:07,,-84,CO00000009,RET
2020-04-20 18:16:11,,-446,CO00000003,RET
2021-09-20 15:29:51,,-138,CO00000005,VIR
2021-09-20 15:29:51,,138,CO00000005,VIR
2022-07-16 08:16:55,,-252,LI00000002,VIR
2022-07-16 08:16:55,,252,CO00000006,VIR
2022-12-15 23:30:53,,-716,CO00000010,DEP
2020-04-26 10:45:53,,-663,CO00000003,VIR
2020-04-26 10:45:53,,663,CO00000006,VIR
2020-02-22 17:08:56,,-788,CO00000005,DEP
2022-02-01 20:26:56,,-538,CC00000002,DEP
2022-10-03 08:06:57,,-450,LI00000005,DEP
2020-09-21 13:58:57,,-196,LI00000002,RET
2021-03-02 20:21:09,,-571,CC00000002,DEP
2022-02-19 14:40:29,,-425,LI00000004,RET
2022-11-02 14:59:03,,-488,LI00000004,DEP
2021-09-11 19:23:07,,-757,CO00000012,DEP
2020-04-01 02:10:22,,-217,LI00000002,VIR
2020-04-01 02:10:22,,217,CO00000011,VIR
2020-10-04 12:20:32,,-346,CO00000003,DEP
2020-03-08 11:21:36,,-166,CC00000002,RET
2021-08-03 09:39:42,,-806,CC00000001,DEP
2021-05-01 21:56:03,,-838,CO00000008,VIR
2021-05-01 21:56:03,,838,CO00000006,VIR
2022-07-21 06:42:12,,-489,CO00000003,RET
2020-10-11 23:18:33,,-782,CO00000002,DEP
2021-01-23 07:14:40,,-654,LI00000004,VIR
2021-01-23 07:14:40,,654,LI00000001,VIR
2021-07-13 04:15:00,,-353,LI00000006,VIR
2021-07-13 04:15:00,,353,LI00000005,VIR
2021-10-31 07:52:52,,-620,LI00000002,DEP
2022-01-28 13:47:44,,-175,CO00000009,VIR
2022-01-28 13:47:44,,175,CO00000007,VIR
2022-01-29 18:21:38,,-820,LI00000003,VIR
2022-01-29 18:21:38,,820,LI00000004,VIR
2020-10-29 10:31:24,,-175,CO00000004,RET
2021-05-03 19:18:54,,-595,LI00000005,DEP
2022-08-31 20:08:26,,-398,CO00000007,DEP
2022-10-12 14:20:45,,-890,CO00000012,RET
2020-11-19 00:10:56,,-404,CO00000001,VIR
2020-11-19 00:10:56,,404,CO00000001,VIR
2020-09-02 14:28:14,,-422,CO00000008,RET
2021-07-14 15:48:57,,-121,CO00000004,DEP
2022-10-20 03:05:28,,-942,CO00000002,DEP
2020-04-04 04:31:14,,-666,CO00000002,DEP
2020-02-12 06:38:48,,-755,LI00000004,RET
2021-07-18 19:55:49,,-59,CO00000010,DEP
2021-01-18 16:02:01,,-905,LI00000005,DEP
2021-12-21 04:59:26,,-252,LI00000005,RET
2022-02-21 09:15:49,,-573,CO00000008,DEP
2022-04-02 05:30:51,,-268,LI00000001,RET
2022-05-07 02:43:35,,-943,CO00000010,DEP
2022-12-16 12:07:06,,-640,CO00000001,VIR
2022-12-16 12:07:06,,640,CO00000012,VIR
2020-07-12 08:10:46,,-10,CO00000006,VIR
2020-07-12 08:10:46,,10,LI00000001,VIR
2020-12-26 07:44:15,,-751,CO00000001,VIR
2020-12-26 07:44:15,,751,LI00000005,VIR
2020-12-20 16:31:57,,-222,CO00000012,RET
2020-10-15 19:10:11,,-183,CO00000001,DEP
2022-09-12 11:32:47,,-102,CC00000002,RET
2021-12-30 08:27:47,,-80,LI00000003,RET
2020-02-24 01:50:39,,-746,CO00000002,VIR
2020-02-24 01:50:39,,746,LI00000006,VIR
2021-12-31 13:54:37,,-150,CC00000002,DEP
2023-01-04 06:55:15,,-751,CO00000005,RET
2020-02-23 07:19:21,,-540,CO00000012,RET
2020-12-17 23:47:32,,-148,CO00000011,RET
2020-04-24 21:49:09,,-524,CC00000002,VIR
2020-04-24 21:49:09,,524,LI00000002,VIR
2020-05-28 05:08:31,,-349,CO00000006,RET
2021-07-21 20:34:15,,-799,CO00000001,DEP
2020-08-05 18:13:12,,-338,CO00000003,RET
2021-06-21 16:01:17,,-119,CO00000006,VIR
2021-06-21 16:01:17,,119,CO00000007,VIR
2022-03-16 03:33:24,,-419,CC00000002,VIR
2022-03-16 03:33:24,,419,CO00000011,VIR
2020-12-02 10:57:57,,-134,LI00000005,RET
2021-06-22 08:02:50,,-555,CO00000003,DEP
2020-06-17 13:40:58,,-800,CO00000012,DEP
2022-08-22 04:56:02,,-644,CO00000009,DEP
2023-01-06 22:50:54,,-621,CO00000008,RET
2022-06-14 22:34:56,,-829,CO00000003,VIR
2022-06-14 22:34:56,,829,CO00000009,VIR
2020-09-24 03:15:48,,-254,LI00000004,DEP
2020-02-10 04:37:00,,-71,LI00000001,RET
2021-03-13 19:39:03,,-789,CO00000012,RET
2020-04-14 11:52:36,,-85,LI00000001,RET
2020-05-25 23:28:18,,-12,CO00000012,RET
2021-03-04 14:42:21,,-977,CO00000011,DEP
2021-03-13 08:28:36,,-184,LI00000003,DEP
2020-12-31 15:12:48,,-686,LI00000005,DEP
2022-09-16 03:13:06,,-566,CO00000002,DEP
2021-06-30 00:20:17,,-328,LI00000006,DEP
2021-08-16 15:39:08,,-512,CC00000001,VIR
2021-08-16 15:39:08,,512,CO00000006,VIR
2022-02-14 18:28:55,,-507,CO00000012,RET
2021-06-18 16:51:47,,-96,LI00000003,DEP
2022-08-13 12:04:52,,-311,LI00000001,VIR
2022-08-13 12:04:52,,311,LI00000006,VIR
2021-04-26 22:51:26,,-600,CO00000004,DEP
2022-12-13 00:34:56,,-551,CO00000012,DEP
2020-04-04 10:57:52,,-23,CO00000008,DEP
2022-08-23 12:59:31,,-110,CO00000008,VIR
2022-08-23 12:59:31,,110,CO00000009,VIR
2021-11-22 09:17:09,,-233,CO00000006,DEP
2022-11-20 17:55:11,,-274,LI00000001,VIR
2022-11-20 17:55:11,,274,CO00000001,VIR
2021-11-01 04:25:48,,-836,CC00000002,RET
2020-03-31 11:59:19,,-33,CO00000007,DEP
2021-06-25 18:50:02,,-499,CO00000002,DEP
2022-07-23 10:19:02,,-887,CO00000009,RET
2022-01-21 02:27:00,,-877,CO00000010,VIR
2022-01-21 02:27:00,,877,LI00000005,VIR
2021-03-03 05:42:09,,-441,LI00000004,DEP
2022-04-09 05:12:28,,-458,CO00000008,RET
2021-03-11 04:12:38,,-121,CO00000002,VIR
2021-03-11 04:12:38,,121,CO00000006,VIR
2021-10-02 23:40:40,,-775,CO00000002,VIR
2021-10-02 23:40:40,,775,LI00000002,VIR
2020-07-02 23:31:52,,-791,LI00000002,DEP
2020-11-08 06:31:05,,-702,CO00000007,DEP
2022-04-21 06:29:14,,-1,CO00000010,RET
2021-06-10 17:27:31,,-349,LI00000006,VIR
2021-06-10 17:27:31,,349,LI00000001,VIR
2020-05-04 15:18:15,,-748,CC00000002,VIR
2020-05-04 15:18:15,,748,LI00000001,VIR
2021-05-23 18:36:27,,-766,CO00000012,DEP
2021-12-23 09:41:28,,-38,CC00000001,VIR
2021-12-23 09:41:28,,38,LI00000003,VIR
2020-07-14 03:38:34,,-614,CO00000011,RET
2020-12-29 06:21:46,,-310,CO00000003,DEP
2021-08-11 18:29:24,,-489,LI00000004,RET
2021-08-21 16:46:19,,-408,LI00000004,DEP
2020-02-14 05:08:14,,-13,CO00000012,DEP
2023-01-12 04:30:55,,-199,CO00000009,DEP
2021-11-17 15:17:08,,-817,LI00000004,VIR
2021-11-17 15:17:08,,817,CO00000009,VIR
2020-05-24 08:02:49,,-127,CO00000008,RET
2020-11-03 02:03:05,,-866,CO00000010,VIR
2020-11-03 02:03:05,,866,LI00000003,VIR
2020-09-17 19:30:00,,-740,CO00000007,DEP
2022-08-20 15:28:38,,-683,LI00000006,VIR
2022-08-20 15:28:38,,683,CO00000006,VIR
2021-05-06 14:19:26,,-281,CO00000007,DEP
2022-05-16 14:43:02,,-514,CO00000006,DEP
2022-01-31 04:49:08,,-988,CO00000011,DEP
2022-08-06 05:25:22,,-444,CO00000005,DEP
2021-07-12 02:57:30,,-489,CO00000002,VIR
2021-07-12 02:57:30,,489,LI00000002,VIR
2021-03-20 03:50:42,,-134,CC00000002,RET
2020-10-04 01:39:05,,-221,CO00000012,VIR
2020-10-04 01:39:05,,221,CO00000002,VIR
2021-12-01 12:18:14,,-671,CC00000001,DEP
2021-02-07 21:15:03,,-172,LI00000006,DEP
2021-12-21 17:14:28,,-416,CO00000006,RET
2020-04-25 07:17:34,,-735,CO00000012,RET
2021-09-15 21:37:59,,-933,LI00000005,RET
2021-09-14 02:09:25,,-133,CO00000002,VIR
2021-09-14 02:09:25,,133,LI00000003,VIR
2020-03-06 04:32:27,,-665,CO00000006,DEP
2022-06-04 07:03:18,,-410,CO00000001,VIR
2022-06-04 07:03:18,,410,CO00000003,VIR
2021-06-27 03:25:09,,-249,CO00000003,RET
2022-07-09 00:43:21,,-36,CO00000006,VIR
2022-07-09 00:43:21,,36,LI00000006,VIR
2020-10-16 17:28:32,,-743,CO00000009,VIR
2020-10-16 17:28:32,,743,CO00000007,VIR
2020-05-26 16:00:13,,-743,CC00000002,DEP
2020-04-07 09:04:18,,-576,CO00000006,VIR
2020-04-07 09:04:18,,576,CO00000009,VIR
2022-09-01 22:12:09,,-520,CO00000011,RET
2021-07-23 07:40:16,,-892,LI00000005,VIR
2021-07-23 07:40:16,,892,CC00000001,VIR
2020-02-05 01:13:18,,-114,LI00000003,RET
2020-05-13 20:00:31,,-769,CO00000011,VIR
2020-05-13 20:00:31,,769,CO00000009,VIR
2021-07-06 05:09:23,,-593,LI00000005,DEP
2022-02-14 22:08:05,,-505,CO00000010,VIR
2022-02-14 22:08:05,,505,CO00000010,VIR
2022-01-31 02:21:54,,-938,LI00000001,DEP
2021-03-08 08:43:30,,-522,LI00000006,VIR
2021-03-08 08:43:30,,522,CO00000005,VIR
2021-03-31 05:05:09,,-542,LI00000002,VIR
2021-03-31 05:05:09,,542,CO00000011,VIR
2022-09-27 13:03:22,,-862,CO00000008,VIR
2022-09-27 13:03:22,,862,LI00000004,VIR
2020-12-02 05:52:22,,-929,LI00000006,VIR
2020-12-02 05:52:22,,929,LI00000003,VIR
2022-11-21 11:43:55,,-699,CO00000004,DEP
2020-12-26 18:56:43,,-222,CO00000006,VIR
2020-12-26 18:56:43,,222,CO00000010,VIR
2022-05-14 22:17:14,,-710,LI00000006,DEP
2022-08-13 17:16:40,,-460,CO00000012,DEP
2020-09-02 18:29:17,,-86,CO00000011,RET
2020-02-05 00:59:41,,-852,CO00000004,DEP
2022-01-04 10:04:11,,-891,CO00000009,RET
2022-10-18 01:44:42,,-672,LI00000003,VIR
2022-10-18 01:44:42,,672,CO00000011,VIR
2021-08-22 01:47:54,,-494,CO00000005,RET
2020-08-13 16:27:45,,-316,CO00000007,VIR
2020-08-13 16:27:45,,316,LI00000002,VIR
2022-08-11 02:37:35,,-735,CO00000001,RET
2021-12-03 09:55:35,,-871,CC00000001,RET
2020-03-02 12:49:28,,-795,CC00000001,VIR
2020-03-02 12:49:28,,795,LI00000003,VIR
2022-01-13 21:28:49,,-373,CO00000011,RET
2021-09-12 03:29:47,,-735,CO00000004,RET
2021-04-28 00:03:08,,-22,CO00000002,VIR
2021-04-28 00:03:08,,22,CO00000004,VIR
2023-01-02 00:23:51,,-584,CO00000006,RET
2022-09-12 10:12:02,,-961,CO00000008,VIR
2022-09-12 10:12:02,,961,CO00000010,VIR
2022-09-10 04:37:26,,-636,CO00000012,VIR
2022-09-10 04:37:26,,636,CC00000001,VIR
2020-08-01 05:16:22,,-973,CO00000001,RET
2021-12-10 12:27:04,,-243,LI00000004,VIR
2021-12-10 12:27:04,,243,LI00000002,VIR
2020-12-13 05:48:13,,-187,CO00000010,VIR
2020-12-13 05:48:13,,187,CO00000010,VIR
2022-09-13 04:51:16,,-164,CO00000012,DEP
2020-10-13 05:37:47,,-688,CO00000012,DEP
2020-11-09 18:42:54,,-721,LI00000004,RET
2022-05-02 17:21:59,,-531,CO00000007,DEP
2022-03-07 17:05:08,,-533,LI00000004,DEP
2022-01-16 02:11:35,,-233,CO00000009,RET
2021-09-17 02:12:21,,-615,LI00000001,DEP
2020-11-30 17:49:58,,-462,LI00000001,VIR
2020-11-30 17:49:58,,462,LI00000003,VIR
2020-04-12 06:50:21,,-830,LI00000004,DEP
2020-03-15 10:34:27,,-855,CC00000002,RET
2021-08-28 08:51:42,,-398,CO00000007,DEP
2022-10-16 17:23:23,,-954,LI00000002,VIR
2022-10-16 17:23:23,,954,LI00000004,VIR
2020-07-21 21:57:14,,-457,CO00000003,RET
2021-08-09 20:51:55,,-712,LI00000003,VIR
2021-08-09 20:51:55,,712,CO00000004,VIR
2021-04-18 04:02:30,,-146,LI00000004,RET
2021-03-14 11:59:24,,-585,CO00000010,DEP
2021-09-13 18:39:18,,-889,CC00000001,DEP
2021-04-16 05:01:16,,-776,LI00000001,RET
2022-11-14 03:25:51,,-612,CO00000006,RET
2022-12-30 18:33:13,,-897,LI00000003,VIR
2022-12-30 18:33:13,,897,LI00000005,VIR
2020-07-30 04:59:08,,-902,CO00000012,VIR
2020-07-30 04:59:08,,902,CO00000005,VIR
2021-11-03 05:04:56,,-265,CC00000001,RET
2021-08-08 04:06:14,,-466,LI00000005,VIR
2021-08-08 04:06:14,,466,CO00000002,VIR
2021-01-28 03:04:58,,-844,CO00000010,RET
2022-11-16 03:58:03,,-684,CO00000002,VIR
2022-11-16 03:58:03,,684,LI00000006,VIR
2023-01-12 11:27:32,,-822,CO00000002,VIR
2023-01-12 11:27:32,,822,CO00000003,VIR
2020-10-15 05:13:24,,-137,CO00000012,RET
2020-03-29 23:02:56,,-684,LI00000004,RET
2022-03-10 00:23:23,,-823,CO00000004,DEP
2021-03-01 23:19:42,,-593,CO00000009,DEP
2021-02-16 10:34:14,,-17,CC00000001,DEP
2022-07-14 17:55:35,,-634,CO00000007,VIR
2022-07-14 17:55:35,,634,CO00000003,VIR
2021-12-02 06:31:08,,-327,CO00000010,VIR
2021-12-02 06:31:08,,327,CO00000003,VIR
2022-12-07 17:44:54,,-946,CO00000010,VIR
2022-12-07 17:44:54,,946,LI00000003,VIR
2022-03-22 23:11:27,,-627,LI00000001,DEP
2022-02-12 18:08:16,,-873,LI00000002,DEP
2022-08-19 14:20:10,,-25,CO00000011,VIR
2022-08-19 14:20:10,,25,CO00000012,VIR
2020-11-20 18:22:20,,-180,LI00000005,DEP
2021-10-26 07:55:48,,-92,CO00000008,VIR
2021-10-26 07:55:48,,92,CO00000004,VIR
2021-04-18 01:37:25,,-157,CO00000003,DEP
2021-06-11 12:51:17,,-343,LI00000001,DEP
2021-03-19 13:49:21,,-558,CO00000002,RET
2022-10-08 04:54:47,,-798,CO00000001,VIR
2022-10-08 04:54:47,,798,CO00000012,VIR
2021-10-27 05:38:53,,-513,CC00000001,VIR
2021-10-27 05:38:53,,513,CO00000012,VIR
2020-09-18 11:35:34,,-943,LI00000004,VIR
2020-09-18 11:35:34,,943,CC00000002,VIR
2020-12-27 01:03:22,,-343,CO00000007,VIR
2020-12-27 01:03:22,,343,LI00000005,VIR
2021-02-08 08:38:17,,-831,CO00000008,DEP
2021-08-26 21:52:41,,-450,CO00000008,RET
2021-03-22 14:02:02,,-620,CO00000005,DEP
2021-10-03 22:25:23,,-235,CO00000006,VIR
2021-10-03 22:25:23,,235,LI00000005,VIR
2022-01-16 09:09:43,,-37,CO00000009,RET
2021-08-24 12:50:58,,-556,CO00000003,RET
2022-02-26 13:01:12,,-967,LI00000006,DEP
2021-11-17 11:46:37,,-978,CO00000010,DEP
2021-09-24 19:01:13,,-200,LI00000002,DEP
2022-06-02 15:35:18,,-762,CO00000002,VIR
2022-06-02 15:35:18,,762,CO00000008,VIR
2023-01-06 23:09:53,,-617,CC00000001,DEP
2021-10-19 14:50:31,,-147,LI00000002,DEP
2020-12-06 11:03:43,,-876,CO00000011,DEP
2022-04-12 10:39:12,,-262,CO00000007,VIR
2022-04-12 10:39:12,,262,LI00000004,VIR
2021-04-21 08:46:27,,-281,CO00000012,RET
2021-02-12 14:18:00,,-224,LI00000003,VIR
2021-02-12 14:18:00,,224,CO00000005,VIR
2021-09-08 08:42:24,,-164,CO00000010,DEP
2022-12-06 22:18:51,,-482,CO00000008,RET
2021-02-04 00:19:07,,-3,CC00000002,RET
2021-04-22 23:02:49,,-396,CO00000002,VIR
2021-04-22 23:02:49,,396,CO00000008,VIR
2021-09-01 12:01:30,,-983,LI00000005,DEP
2022-08-08 13:52:34,,-155,LI00000004,VIR
2022-08-08 13:52:34,,155,CO00000007,VIR
2020-08-01 17:24:41,,-227,CO00000012,VIR
2020-08-01 17:24:41,,227,LI00000003,VIR
2021-09-02 02:02:08,,-541,CO00000007,VIR
2021-09-02 02:02:08,,541,CO00000009,VIR
2022-05-10 02:34:00,,-438,CO00000008,VIR
2022-05-10 02:34:00,,438,CO00000007,VIR
2020-07-24 10:30:51,,-225,CC00000002,DEP
2020-02-01 19:03:02,,-692,CC00000001,RET
2022-07-14 05:09:08,,-683,CO00000012,VIR
2022-07-14 05:09:08,,683,CC00000001,VIR
2022-09-25 00:07:26,,-612,LI00000002,VIR
2022-09-25 00:07:26,,612,CC00000001,VIR
2020-08-19 13:08:55,,-144,LI00000004,VIR
2020-08-19 13:08:55,,144,CO00000004,VIR
2020-07-26 00:25:09,,-620,CO00000004,VIR
2020-07-26 00:25:09,,620,LI00000001,VIR
2020-12-19 13:20:22,,-583,LI00000004,VIR
2020-12-19 13:20:22,,583,CO00000010,VIR
2022-09-16 00:30:51,,-280,CO00000011,DEP
2021-08-31 12:08:06,,-766,CO00000010,DEP
2022-08-01 19:20:41,,-32,CO00000012,VIR
2022-08-01 19:20:41,,32,CO00000010,VIR
2022-05-10 22:33:28,,-877,LI00000006,RET
2020-11-07 20:22:38,,-944,CO00000012,VIR
2020-11-07 20:22:38,,944,LI00000004,VIR
2020-12-08 08:19:05,,-507,CO00000001,VIR
2020-12-08 08:19:05,,507,CO00000009,VIR
2020-02-27 16:38:29,,-100,CO00000003,DEP
2020-03-06 19:47:39,,-214,CO00000002,DEP
2022-05-16 19:23:32,,-488,CO00000009,RET
2021-02-04 11:34:55,,-744,CO00000008,RET
2021-09-24 01:03:49,,-795,LI00000006,DEP
2023-01-03 05:37:09,,-800,CO00000008,DEP
2021-04-07 10:38:49,,-169,CO00000003,DEP
2020-08-03 06:56:01,,-806,CO00000008,VIR
2020-08-03 06:56:01,,806,CC00000001,VIR
2022-07-05 19:33:16,,-171,CO00000009,RET
2020-02-23 07:32:15,,-157,CO00000004,DEP
2021-05-21 02:57:15,,-926,CO00000002,VIR
2021-05-21 02:57:15,,926,LI00000002,VIR
2022-04-22 11:16:12,,-162,CO00000006,VIR
2022-04-22 11:16:12,,162,CO00000008,VIR
2020-09-17 02:41:24,,-462,LI00000005,RET
2021-05-01 21:09:21,,-900,CO00000011,VIR
2021-05-01 21:09:21,,900,CO00000012,VIR
2023-01-07 12:40:30,,-586,LI00000006,VIR
2023-01-07 12:40:30,,586,CC00000001,VIR
2021-01-05 17:27:52,,-535,CO00000003,DEP
2022-05-20 06:57:15,,-352,LI00000001,RET
2022-02-08 08:08:47,,-696,CO00000007,RET
2022-11-06 20:47:37,,-76,CO00000011,DEP
2022-07-24 01:53:46,,-189,CO00000010,VIR
2022-07-24 01:53:46,,189,LI00000001,VIR
2020-07-11 05:03:48,,-763,CO00000010,DEP
2022-12-16 17:35:34,,-66,LI00000001,RET
2021-06-05 20:42:51,,-456,CO00000010,VIR
2021-06-05 20:42:51,,456,CO00000004,VIR
2020-10-26 09:46:05,,-79,CC00000002,RET
2020-10-11 16:24:38,,-751,CO00000001,VIR
2020-10-11 16:24:38,,751,CO00000002,VIR
2020-02-01 17:21:36,,-604,LI00000005,VIR
2020-02-01 17:21:36,,604,CO00000004,VIR
2021-08-20 07:20:02,,-804,LI00000001,DEP
2021-08-14 06:23:34,,-21,CO00000004,VIR
2021-08-14 06:23:34,,21,CO00000001,VIR
2022-01-03 13:45:10,,-232,CO00000004,RET
2022-06-11 23:28:18,,-93,CO00000012,RET
2020-08-31 08:05:23,,-446,CO00000007,VIR
2020-08-31 08:05:23,,446,CO00000008,VIR
2022-04-22 02:05:28,,-276,CO00000011,DEP
2022-07-18 21:21:51,,-975,CO00000011,RET
2021-12-23 13:56:52,,-919,CO00000008,VIR
2021-12-23 13:56:52,,919,LI00000003,VIR
2022-03-25 17:12:03,,-305,LI00000006,RET
2022-05-30 07:50:40,,-916,LI00000006,VIR
2022-05-30 07:50:40,,916,CC00000002,VIR
2021-04-10 00:42:28,,-135,LI00000003,DEP
2021-01-07 19:14:46,,-139,LI00000006,VIR
2021-01-07 19:14:46,,139,CO00000004,VIR
2021-07-23 00:49:46,,-800,CO00000002,DEP
2020-10-13 16:01:15,,-75,LI00000003,RET
2022-09-07 11:07:27,,-914,LI00000006,RET
2022-01-12 21:22:53,,-896,LI00000006,RET
2020-05-29 08:07:53,,-330,CO00000001,VIR
2020-05-29 08:07:53,,330,LI00000002,VIR
2022-12-23 00:50:45,,-329,CO00000010,RET
2022-09-26 22:37:13,,-132,CO00000008,RET
2020-06-18 01:45:41,,-986,CO00000006,VIR
2020-06-18 01:45:41,,986,CO00000011,VIR
2020-07-04 14:52:23,,-256,CO00000009,DEP
2022-02-03 01:28:08,,-931,LI00000001,VIR
2022-02-03 01:28:08,,931,LI00000005,VIR
2020-02-21 19:14:58,,-365,CO00000009,VIR
2020-02-21 19:14:58,,365,CO00000008,VIR
2021-05-06 00:52:32,,-662,CO00000006,DEP
2022-01-19 07:44:26,,-235,LI00000003,DEP
2021-05-27 20:51:02,,-658,LI00000002,DEP
2021-12-11 00:25:33,,-608,LI00000006,RET
2021-11-02 20:36:13,,-226,CO00000007,VIR
2021-11-02 20:36:13,,226,CO00000005,VIR
2022-01-08 21:11:23,,-865,CO00000003,RET
2022-04-17 11:20:27,,-717,CO00000007,RET
2020-12-08 01:17:33,,-949,CO00000007,RET
2020-08-09 23:44:17,,-176,CO00000010,DEP
2020-11-28 09:21:30,,-794,CO00000005,RET
2021-01-21 08:56:30,,-256,LI00000003,DEP
2020-06-04 17:22:42,,-947,LI00000002,RET
2021-03-09 16:03:04,,-589,CO00000003,DEP
2020-10-29 08:27:16,,-267,CO00000010,DEP
2022-12-16 17:12:20,,-892,CO00000009,RET
2020-12-14 22:53:44,,-157,CO00000011,RET
2022-03-16 02:33:58,,-818,CO00000007,RET
2022-10-13 00:53:49,,-427,CO00000001,DEP
2022-05-03 12:30:06,,-504,CO00000006,DEP
2021-07-14 02:02:59,,-475,LI00000003,RET
2022-07-13 10:14:09,,-625,CO00000012,DEP
2022-07-17 02:56:07,,-735,CC00000002,DEP
2022-12-24 15:11:55,,-32,LI00000005,RET
2021-05-07 03:02:49,,-584,CO00000010,RET
2022-07-29 03:20:13,,-285,CO00000001,DEP
2020-05-11 20:17:55,,-142,LI00000001,DEP
2020-07-18 23:37:45,,-646,CO00000006,VIR
2020-07-18 23:37:45,,646,LI00000006,VIR
2022-01-12 03:56:41,,-397,LI00000001,VIR
2022-01-12 03:56:41,,397,CO00000011,VIR
2020-09-17 08:09:25,,-396,CO00000001,DEP
2021-05-31 01:17:12,,-177,LI00000001,DEP
2020-10-08 11:14:26,,-413,CO00000001,RET
2021-12-04 00:31:08,,-92,CO00000003,DEP
2022-05-02 04:51:33,,-49,LI00000002,VIR
2022-05-02 04:51:33,,49,LI00000005,VIR
2022-04-20 12:10:37,,-742,CO00000005,DEP
2020-07-05 20:52:45,,-517,CO00000002,VIR
2020-07-05 20:52:45,,517,LI00000005,VIR
2022-11-04 03:59:10,,-966,CO00000008,RET
2022-03-19 09:30:40,,-160,CO00000012,VIR
2022-03-19 09:30:40,,160,LI00000005,VIR
2022-06-27 07:54:50,,-423,CO00000006,RET
2022-08-01 13:57:59,,-951,CO00000008,RET
2020-10-10 01:15:54,,-938,CO00000010,DEP
2021-12-21 13:54:45,,-949,LI00000004,VIR
2021-12-21 13:54:45,,949,CO00000009,VIR
2022-12-06 21:09:43,,-273,LI00000001,RET
2020-10-31 17:24:33,,-858,CO00000011,DEP
2020-03-26 08:21:11,,-149,CO00000002,RET
2021-12-20 06:46:02,,-384,CC00000001,VIR
2021-12-20 06:46:02,,384,CC00000001,VIR
2020-02-21 00:28:12,,-415,CO00000008,VIR
2020-02-21 00:28:12,,415,CO00000010,VIR
2022-06-12 10:14:09,,-890,CO00000010,VIR
2022-06-12 10:14:09,,890,CO00000001,VIR
2021-10-31 08:47:30,,-877,CO00000008,VIR
2021-10-31 08:47:30,,877,CO00000002,VIR
2020-07-02 08:43:24,,-725,CO00000002,RET
2021-08-15 14:25:33,,-541,CO00000008,VIR
2021-08-15 14:25:33,,541,CO00000007,VIR
2022-03-07 16:33:13,,-7,CO00000007,DEP
2020-04-22 22:59:58,,-621,CO00000011,VIR
2020-04-22 22:59:58,,621,CO00000009,VIR
2020-06-27 04:47:40,,-313,CO00000001,DEP
2020-04-18 03:04:52,,-789,LI00000003,VIR
2020-04-18 03:04:52,,789,CO00000011,VIR
2021-11-01 04:25:13,,-939,CO00000004,RET
2020-03-12 05:17:28,,-326,LI00000003,DEP
2022-07-17 17:48:57,,-388,CO00000004,RET
2021-02-24 18:13:01,,-385,CO00000012,VIR
2021-02-24 18:13:01,,385,CO00000007,VIR
2020-04-23 05:25:32,,-927,CO00000008,DEP
2022-08-17 10:14:25,,-553,CO00000009,VIR
2022-08-17 10:14:25,,553,CC00000001,VIR
2020-09-09 04:51:00,,-857,CO00000005,DEP
2020-12-01 06:05:58,,-457,CO00000006,RET
2020-08-02 10:27:23,,-666,CC00000001,RET
2022-09-08 11:27:11,,-607,CO00000008,RET
2022-04-09 09:55:09,,-748,LI00000003,VIR
2022-04-09 09:55:09,,748,CO00000005,VIR
2022-03-24 03:43:20,,-673,CO00000009,RET
2020-12-08 14:53:16,,-64,CO00000012,VIR
2020-12-08 14:53:16,,64,CO00000001,VIR
2021-08-08 21:21:02,,-958,LI00000005,VIR
2021-08-08 21:21:02,,958,CO00000009,VIR
2020-06-21 01:48:43,,-432,LI00000002,VIR
2020-06-21 01:48:43,,432,CO00000002,VIR
2020-04-18 15:59:08,,-765,LI00000002,RET
2022-01-19 07:57:17,,-28,CO00000007,VIR
2022-01-19 07:57:17,,28,CO00000010,VIR
2021-04-29 15:53:28,,-813,CO00000012,RET
2020-02-27 20:01:13,,-808,CO00000010,RET
2020-10-12 18:10:29,,-212,LI00000002,DEP
2022-09-02 08:49:11,,-99,CO00000004,VIR
2022-09-02 08:49:11,,99,LI00000004,VIR
2020-11-11 17:10:45,,-599,LI00000002,DEP
2021-03-22 03:50:22,,-656,CO00000007,RET
2022-01-22 09:04:58,,-902,LI00000004,DEP
2022-08-06 14:21:19,,-408,LI00000005,DEP
2021-03-05 10:38:18,,-898,CO00000011,RET
2022-11-21 06:17:42,,-969,CO00000003,RET
2022-05-13 19:43:21,,-222,LI00000002,DEP
2022-11-19 02:55:39,,-194,CO00000011,VIR
2022-11-19 02:55:39,,194,LI00000001,VIR
2020-02-27 12:26:01,,-338,CO00000011,VIR
2020-02-27 12:26:01,,338,CO00000004,VIR
2020-05-09 03:53:01,,-758,CO00000007,DEP
2020-03-13 06:21:09,,-69,CO00000012,VIR
2020-03-13 06:21:09,,69,CO00000012,VIR
2020-07-18 13:10:32,,-30,CO00000007,DEP
2020-07-18 23:57:40,,-53,LI00000005,RET
2021-03-17 01:32:04,,-58,CO00000012,DEP
2022-07-11 01:04:01,,-273,CO00000003,VIR
2022-07-11 01:04:01,,273,CO00000010,VIR
2021-05-05 10:32:46,,-705,CO00000005,VIR
2021-05-05 10:32:46,,705,CO00000007,VIR
2020-08-15 20:12:10,,-552,LI00000002,RET
2022-07-23 00:32:17,,-190,CO00000004,DEP
2022-05-08 12:38:28,,-993,CO00000001,DEP
2020-03-25 20:34:04,,-215,CC00000002,VIR
2020-03-25 20:34:04,,215,LI00000005,VIR
2022-05-18 02:59:44,,-973,CO00000004,VIR
2022-05-18 02:59:44,,973,CO00000011,VIR
2020-09-07 19:15:42,,-115,CO00000010,VIR
2020-09-07 19:15:42,,115,CO00000003,VIR
2021-04-11 22:45:43,,-161,CO00000012,VIR
2021-04-11 22:45:43,,161,CO00000008,VIR
2020-07-01 09:10:02,,-67,LI00000001,DEP
2021-07-14 22:22:29,,-223,LI00000002,DEP
2022-12-15 09:30:13,,-980,LI00000002,RET
2021-12-30 03:59:34,,-197,CO00000011,DEP
2022-07-16 03:21:50,,-417,CO00000006,RET
2021-12-04 19:29:53,,-827,CO00000004,VIR
2021-12-04 19:29:53,,827,CO00000003,VIR
2021-08-29 16:09:55,,-519,LI00000002,RET
2022-07-22 12:43:33,,-569,CO00000010,VIR
2022-07-22 12:43:33,,569,CO00000010,VIR
2021-05-11 16:02:37,,-29,CO00000012,RET
2022-01-18 22:57:49,,-894,CO00000004,RET
2020-08-20 22:48:04,,-740,CO00000003,RET
2021-03-05 20:42:24,,-405,CO00000010,VIR
2021-03-05 20:42:24,,405,CO00000011,VIR
2020-02-24 09:20:05,,-811,LI00000004,DEP
2021-10-01 01:41:59,,-263,CO00000005,DEP
2020-05-16 21:58:36,,-371,CO00000003,DEP
2020-12-18 18:17:04,,-964,CO00000004,RET
2022-07-22 06:40:12,,-96,CO00000006,DEP
2022-11-01 10:54:39,,-427,CO00000002,DEP
2021-05-25 18:15:26,,-878,CO00000007,RET
2021-11-25 10:05:22,,-83,LI00000006,VIR
2021-11-25 10:05:22,,83,CO00000009,VIR
2022-08-31 18:18:26,,-719,CO00000006,VIR
2022-08-31 18:18:26,,719,CO00000008,VIR
2022-08-28 12:31:13,,-255,LI00000003,DEP
2022-11-29 18:51:20,,-237,CO00000003,DEP
2022-05-25 23:59:19,,-391,LI00000005,RET
2021-07-27 22:25:40,,-795,CO00000007,DEP
2020-05-24 19:36:30,,-623,CO00000006,DEP
2020-06-26 01:35:12,,-393,CO00000007,DEP
2022-06-03 03:08:57,,-276,CO00000007,VIR
2022-06-03 03:08:57,,276,CO00000010,VIR
2022-12-22 21:10:24,,-897,LI00000004,RET
2022-03-12 06:41:39,,-273,LI00000006,VIR
2022-03-12 06:41:39,,273,CC00000001,VIR
2022-04-30 14:27:09,,-880,LI00000004,RET
2022-11-29 06:02:34,,-933,CO00000001,VIR
2022-11-29 06:02:34,,933,CO00000004,VIR
2022-11-26 03:33:48,,-346,LI00000005,RET
2022-02-07 03:56:08,,-729,LI00000004,RET
2022-08-16 05:04:54,,-852,CO00000011,VIR
2022-08-16 05:04:54,,852,CO00000008,VIR
2020-11-16 00:04:14,,-403,LI00000004,VIR
2020-11-16 00:04:14,,403,CO00000009,VIR
2021-06-16 11:06:05,,-302,LI00000003,VIR
2021-06-16 11:06:05,,302,LI00000005,VIR
2020-04-26 21:56:24,,-825,CO00000005,RET
2021-12-15 17:23:00,,-358,LI00000003,VIR
2021-12-15 17:23:00,,358,CO00000005,VIR
2021-02-27 00:50:05,,-991,CC00000002,DEP
2022-04-20 12:35:11,,-463,CO00000005,VIR
2022-04-20 12:35:11,,463,LI00000005,VIR
2022-01-24 17:39:49,,-596,CO00000010,VIR
2022-01-24 17:39:49,,596,CC00000001,VIR
2022-07-25 21:05:36,,-828,CO00000004,RET
2021-11-10 08:12:02,,-527,CO00000004,DEP
2020-07-18 09:31:47,,-125,CO00000005,DEP
2022-02-21 10:36:47,,-386,LI00000002,RET
2022-06-22 17:02:50,,-762,CC00000001,RET
2020-03-07 21:57:17,,-933,LI00000001,RET
2020-02-07 11:50:19,,-100,CO00000009,VIR
2020-02-07 11:50:19,,100,LI00000003,VIR
2021-11-05 12:39:08,,-1,CC00000001,VIR
2021-11-05 12:39:08,,1,CO00000008,VIR
2021-01-09 10:53:36,,-420,CO00000003,RET
2021-11-20 03:35:08,,-754,CO00000003,DEP
2022-08-15 12:52:29,,-785,CO00000007,VIR
2022-08-15 12:52:29,,785,CO00000012,VIR
2021-01-04 03:35:35,,-85,CO00000007,DEP
2020-10-31 12:47:31,,-805,CC00000002,RET
2020-07-06 09:16:52,,-347,CO00000010,VIR
2020-07-06 09:16:52,,347,CO00000005,VIR
2023-01-02 07:38:36,,-558,CO00000001,VIR
2023-01-02 07:38:36,,558,CO00000002,VIR
2020-08-27 16:28:51,,-549,CO00000009,VIR
2020-08-27 16:28:51,,549,CO00000002,VIR
2020-04-17 04:03:02,,-659,CO00000007,VIR
2020-04-17 04:03:02,,659,CO00000012,VIR
2022-06-03 03:36:01,,-759,CO00000003,VIR
2022-06-03 03:36:01,,759,CO00000007,VIR
2022-01-07 20:09:30,,-543,CO00000006,DEP
2022-05-13 04:47:52,,-771,CO00000010,DEP
2020-11-15 23:58:58,,-887,LI00000004,DEP
2022-07-27 05:54:15,,-327,CO00000008,VIR
2022-07-27 05:54:15,,327,CO00000004,VIR
2020-02-26 22:14:31,,-343,CO00000002,RET
2022-07-19 12:37:23,,-508,LI00000005,RET
2020-05-06 22:47:23,,-745,CO00000007,VIR
2020-05-06 22:47:23,,745,LI00000005,VIR
2022-06-18 05:34:20,,-935,CC00000002,VIR
2022-06-18 05:34:20,,935,CO00000002,VIR
2022-01-09 01:45:54,,-776,LI00000003,VIR
2022-01-09 01:45:54,,776,CO00000005,VIR
2020-06-18 14:16:05,,-141,CO00000010,VIR
2020-06-18 14:16:05,,141,CO00000012,VIR
2021-01-27 12:55:56,,-310,LI00000003,VIR
2021-01-27 12:55:56,,310,CO00000011,VIR
2022-07-28 10:49:52,,-974,CO00000008,VIR
2022-07-28 10:49:52,,974,CO00000010,VIR
2021-06-18 10:47:58,,-432,CO00000009,DEP
2021-09-15 19:25:59,,-576,LI00000003,DEP
2022-07-13 14:36:49,,-758,CC00000001,VIR
2022-07-13 14:36:49,,758,CO00000002,VIR
2021-08-29 02:13:35,,-73,LI00000002,DEP
2022-12-21 11:10:29,,-299,CC00000001,DEP
2022-08-21 06:35:12,,-637,LI00000001,RET
2022-02-11 20:49:41,,-413,CO00000002,DEP
2021-12-28 08:48:46,,-330,CO00000002,DEP
2022-04-17 07:10:52,,-451,CO00000012,RET
2021-10-25 02:33:21,,-84,CO00000006,DEP
2022-11-17 19:35:33,,-448,LI00000006,RET
2021-02-07 20:50:43,,-412,CO00000002,VIR
2021-02-07 20:50:43,,412,CO00000007,VIR
2021-08-19 17:32:21,,-122,CO00000001,VIR
2021-08-19 17:32:21,,122,CO00000009,VIR
2022-03-11 02:59:17,,-335,LI00000003,RET
2022-08-26 14:39:05,,-307,CO00000002,DEP
2021-12-14 05:52:27,,-432,CO00000011,RET
2020-03-27 11:46:48,,-489,LI00000001,VIR
2020-03-27 11:46:48,,489,LI00000003,VIR
2020-02-12 23:03:30,,-398,CC00000002,VIR
2020-02-12 23:03:30,,398,CO00000002,VIR
2020-06-06 13:01:11,,-426,CO00000001,DEP
2020-07-15 23:21:43,,-939,CO00000001,RET
2021-12-22 05:14:43,,-294,CC00000002,RET
2022-01-29 06:03:35,,-111,CO00000009,RET
2021-11-09 22:05:10,,-394,CO00000010,RET
2021-05-10 02:29:21,,-943,CC00000002,DEP
2023-01-12 05:17:52,,-308,CC00000001,VIR
2023-01-12 05:17:52,,308,LI00000001,VIR
2020-12-16 18:15:56,,-450,LI00000006,DEP
2022-12-03 07:45:16,,-188,CO00000006,DEP
2021-05-24 11:05:22,,-68,LI00000001,VIR
2021-05-24 11:05:22,,68,CO00000010,VIR
2020-05-26 21:26:06,,-55,CO00000010,VIR
2020-05-26 21:26:06,,55,CO00000012,VIR
2022-02-20 16:57:39,,-452,CO00000002,DEP
2021-03-04 16:11:37,,-62,CO00000005,VIR
2021-03-04 16:11:37,,62,LI00000001,VIR
2020-08-28 13:39:38,,-6,LI00000005,VIR
2020-08-28 13:39:38,,6,CO00000010,VIR
2021-11-05 17:00:14,,-224,CO00000006,RET
2022-02-07 04:41:06,,-946,CO00000002,VIR
2022-02-07 04:41:06,,946,CO00000006,VIR
2021-05-04 19:49:44,,-534,CC00000001,VIR
2021-05-04 19:49:44,,534,LI00000002,VIR
2021-10-08 14:37:10,,-89,LI00000004,RET
2022-05-23 20:51:51,,-327,CO00000007,VIR
2022-05-23 20:51:51,,327,CO00000007,VIR
2020-06-05 17:33:58,,-934,CO00000002,RET
2022-04-05 10:43:31,,-867,CO00000012,RET
2022-11-06 05:08:31,,-161,CO00000008,VIR
2022-11-06 05:08:31,,161,CO00000012,VIR
2021-12-14 10:20:07,,-689,LI00000003,VIR
2021-12-14 10:20:07,,689,CO00000001,VIR
2021-10-01 21:34:37,,-293,CC00000001,VIR
2021-10-01 21:34:37,,293,LI00000004,VIR
2020-05-04 23:27:10,,-544,LI00000002,RET
2021-09-19 20:37:55,,-636,CO00000005,VIR
2021-09-19 20:37:55,,636,CO00000002,VIR
2020-11-22 13:18:29,,-700,CO00000007,VIR
2020-11-22 13:18:29,,700,LI00000005,VIR
2020-03-01 08:41:50,,-935,CC00000002,RET
2021-03-31 12:31:38,,-734,LI00000002,DEP
2023-01-03 20:14:05,,-199,CO00000011,RET
2020-07-08 00:19:26,,-352,CO00000004,DEP
2022-07-23 05:14:52,,-106,CC00000002,RET
2022-08-26 05:40:04,,-554,LI00000002,RET
2021-10-29 08:31:40,,-439,CC00000002,VIR
2021-10-29 08:31:40,,439,LI00000004,VIR
2021-02-27 11:06:44,,-846,CC00000001,RET
2022-01-12 08:29:14,,-517,CC00000002,DEP
2020-02-10 19:24:52,,-602,LI00000003,RET
2022-08-06 11:36:25,,-360,LI00000001,RET
2020-12-03 06:17:49,,-449,CO00000012,VIR
2020-12-03 06:17:49,,449,LI00000003,VIR
2021-05-31 11:17:24,,-784,CC00000002,VIR
2021-05-31 11:17:24,,784,LI00000002,VIR
2021-02-12 04:23:26,,-145,LI00000005,RET
2020-09-29 08:33:13,,-566,CO00000005,VIR
2020-09-29 08:33:13,,566,CO00000010,VIR
2020-12-24 05:56:10,,-223,CO00000012,RET
2022-05-18 07:35:42,,-4,CO00000010,DEP
2022-07-06 22:07:30,,-737,LI00000001,VIR
2022-07-06 22:07:30,,737,CC00000001,VIR
2021-12-22 13:38:07,,-843,LI00000001,VIR
2021-12-22 13:38:07,,843,CO00000004,VIR
2022-08-31 10:48:37,,-175,CO00000012,VIR
2022-08-31 10:48:37,,175,LI00000006,VIR
2020-04-29 02:26:38,,-72,CO00000006,DEP
2022-10-26 04:45:58,,-927,CO00000001,RET
2020-11-12 15:42:29,,-613,LI00000004,RET
2021-11-08 18:44:56,,-797,CO00000003,VIR
2021-11-08 18:44:56,,797,LI00000006,VIR
2022-10-29 00:20:18,,-69,LI00000006,VIR
2022-10-29 00:20:18,,69,CC00000001,VIR
2022-10-08 17:24:55,,-383,CC00000001,DEP
2021-11-02 22:56:27,,-924,CO00000002,VIR
2021-11-02 22:56:27,,924,CO00000011,VIR
2022-05-30 12:01:25,,-389,CO00000001,DEP
2022-05-28 11:53:55,,-93,CO00000011,RET
2020-08-08 21:57:52,,-962,CO00000011,RET
2020-02-28 14:48:22,,-613,CC00000002,RET
2022-04-10 22:44:59,,-587,LI00000001,VIR
2022-04-10 22:44:59,,587,CO00000010,VIR
2020-12-02 00:11:49,,-105,CO00000003,VIR
2020-12-02 00:11:49,,105,CO00000001,VIR
2020-03-02 16:14:18,,-718,CO00000001,VIR
2020-03-02 16:14:18,,718,LI00000005,VIR
2021-05-07 10:55:30,,-312,CO00000008,RET
2021-10-23 03:44:58,,-410,CO00000007,VIR
2021-10-23 03:44:58,,410,CO00000010,VIR
2021-01-09 07:12:33,,-885,CO00000004,RET
2022-12-25 13:35:49,,-823,LI00000001,RET
2020-05-30 22:29:16,,-919,CO00000004,RET
2020-11-12 09:30:38,,-697,CO00000012,DEP
2020-05-18 02:40:32,,-643,LI00000004,DEP
2021-10-25 12:22:30,,-378,LI00000005,RET
2020-03-09 02:24:38,,-738,CO00000012,VIR
2020-03-09 02:24:38,,738,CO00000008,VIR
2020-11-13 07:17:08,,-560,CO00000001,RET
2022-04-15 09:08:20,,-377,CO00000004,RET
2022-05-30 00:56:53,,-100,CO00000006,VIR
2022-05-30 00:56:53,,100,CO00000007,VIR
2022-06-07 11:55:00,,-484,CO00000010,RET
2021-12-24 04:05:11,,-865,CC00000002,DEP
2022-01-25 03:35:02,,-84,CO00000001,VIR
2022-01-25 03:35:02,,84,LI00000003,VIR
2021-10-02 10:15:21,,-323,CO00000007,VIR
2021-10-02 10:15:21,,323,LI00000001,VIR
2021-10-27 22:50:34,,-969,CC00000002,DEP
2021-05-15 01:48:54,,-59,LI00000004,DEP
2022-12-29 01:56:28,,-469,CO00000001,RET
2021-04-02 20:17:35,,-719,LI00000002,RET
2022-07-29 00:49:48,,-238,CO00000009,RET
2020-10-08 23:02:08,,-772,CO00000002,RET
2021-01-26 07:58:44,,-898,LI00000005,VIR
2021-01-26 07:58:44,,898,LI00000001,VIR
2021-01-28 19:09:36,,-244,CO00000002,DEP
2020-05-15 20:44:49,,-514,CO00000012,DEP
2020-05-07 10:49:13,,-801,CO00000005,VIR
2020-05-07 10:49:13,,801,LI00000004,VIR
2020-06-10 09:58:11,,-254,LI00000006,VIR
2020-06-10 09:58:11,,254,LI00000004,VIR
2020-04-23 10:31:33,,-719,CO00000005,VIR
2020-04-23 10:31:33,,719,CO00000008,VIR
2021-10-23 23:25:02,,-718,CO00000010,RET
2021-07-23 11:20:41,,-897,CO00000011,DEP
2020-02-12 09:50:37,,-895,CO00000007,VIR
2020-02-12 09:50:37,,895,CC00000002,VIR
2020-07-24 10:27:05,,-97,LI00000006,VIR
2020-07-24 10:27:05,,97,LI00000004,VIR
2022-12-20 12:40:33,,-732,CO00000007,RET
2020-06-17 00:49:10,,-593,CO00000010,VIR
2020-06-17 00:49:10,,593,LI00000005,VIR
2022-08-01 12:21:17,,-992,CO00000005,VIR
2022-08-01 12:21:17,,992,LI00000005,VIR
2021-10-27 03:03:15,,-933,CO00000006,VIR
2021-10-27 03:03:15,,933,LI00000005,VIR
2022-06-14 04:34:14,,-248,LI00000002,DEP
2022-08-26 09:16:27,,-556,LI00000002,VIR
2022-08-26 09:16:27,,556,LI00000005,VIR
2022-08-25 12:55:46,,-527,CO00000012,VIR
2022-08-25 12:55:46,,527,CO00000002,VIR
2020-02-08 19:02:09,,-728,LI00000004,VIR
2020-02-08 19:02:09,,728,CC00000001,VIR
2021-03-30 14:11:31,,-376,LI00000003,RET
2020-03-01 14:47:00,,-589,LI00000001,RET
2021-10-02 06:40:23,,-363,CO00000011,RET
2022-01-04 04:03:51,,-919,LI00000004,RET
2020-11-17 06:10:56,,-886,LI00000002,VIR
2020-11-17 06:10:56,,886,CO00000012,VIR
2021-06-27 12:35:33,,-452,LI00000003,RET
2022-03-10 17:45:52,,-773,CO00000002,DEP
2020-04-08 08:41:59,,-763,CO00000006,RET
2021-12-16 12:53:54,,-321,LI00000006,RET
2021-04-19 11:53:48,,-268,CC00000001,VIR
2021-04-19 11:53:48,,268,CO00000008,VIR
2021-11-22 17:19:29,,-874,CC00000002,DEP
2020-07-02 01:36:02,,-769,CO00000007,DEP
2022-02-09 03:18:27,,-561,CC00000002,DEP
2021-04-06 20:40:55,,-870,LI00000003,VIR
2021-04-06 20:40:55,,870,CO00000006,VIR
2021-05-19 03:53:52,,-711,CO00000007,RET
2022-08-05 13:38:39,,-830,CO00000004,DEP
2021-08-22 02:18:10,,-898,CO00000006,DEP
2021-06-07 05:51:00,,-195,LI00000001,RET
2021-02-05 00:02:12,,-171,CO00000003,VIR
2021-02-05 00:02:12,,171,CO00000006,VIR
2022-09-29 12:43:20,,-504,LI00000001,VIR
2022-09-29 12:43:20,,504,LI00000003,VIR
2020-06-26 04:10:04,,-850,CO00000009,VIR
2020-06-26 04:10:04,,850,CO00000012,VIR
2022-09-09 08:25:26,,-26,LI00000005,DEP
2021-11-04 23:14:47,,-996,LI00000006,VIR
2021-11-04 23:14:47,,996,LI00000002,VIR
2021-05-22 02:22:42,,-911,CO00000001,DEP
2020-06-03 18:27:34,,-196,CC00000002,RET
2022-03-07 12:35:36,,-619,CO00000012,VIR
2022-03-07 12:35:36,,619,LI00000005,VIR
2022-11-08 04:17:37,,-878,LI00000005,VIR
2022-11-08 04:17:37,,878,LI00000003,VIR
2020-11-02 05:46:42,,-491,CO00000010,DEP
2020-05-24 15:20:33,,-299,CO00000003,VIR
2020-05-24 15:20:33,,299,CO00000002,VIR
2021-03-14 05:44:49,,-706,CO00000001,RET
2022-01-30 02:19:48,,-247,CO00000012,VIR
2022-01-30 02:19:48,,247,CO00000006,VIR
2021-09-23 22:43:27,,-272,CO00000003,VIR
2021-09-23 22:43:27,,272,CO00000003,VIR
2022-01-07 00:41:13,,-489,CC00000002,RET
2020-07-01 09:36:48,,-834,CO00000001,RET
2021-11-13 00:29:27,,-84,CO00000009,DEP
2022-09-28 01:56:31,,-517,LI00000004,DEP
2021-07-05 17:07:13,,-879,CC00000002,DEP
2022-09-26 17:24:12,,-212,CO00000003,DEP
2020-07-25 17:02:53,,-152,LI00000005,DEP
2022-01-27 14:26:28,,-642,LI00000001,RET
2022-06-12 14:24:02,,-767,CO00000002,VIR
2022-06-12 14:24:02,,767,CO00000012,VIR
2021-06-26 19:01:15,,-664,CO00000011,RET
2020-11-10 14:31:30,,-161,CO00000006,RET
2021-09-10 06:29:40,,-279,CC00000002,VIR
2021-09-10 06:29:40,,279,LI00000005,VIR
2022-01-29 16:36:04,,-876,CO00000011,RET
2021-11-11 22:54:12,,-159,CO00000003,DEP
2021-10-25 00:15:57,,-439,CO00000007,DEP
2021-01-31 17:33:49,,-78,CO00000003,RET
2020-04-24 13:50:21,,-99,LI00000004,DEP
2020-07-09 06:43:33,,-2,CO00000005,VIR
2020-07-09 06:43:33,,2,CO00000010,VIR
2020-07-16 06:31:39,,-575,LI00000005,RET
2022-07-09 06:39:35,,-86,LI00000002,VIR
2022-07-09 06:39:35,,86,LI00000005,VIR
2022-05-18 10:56:48,,-247,CO00000009,RET
2020-02-20 16:08:22,,-940,CC00000001,DEP
2022-09-04 03:17:22,,-382,CC00000001,DEP
2021-08-23 02:39:41,,-42,CC00000002,RET
2021-02-01 01:59:27,,-800,LI00000004,VIR
2021-02-01 01:59:27,,800,CO00000006,VIR
2022-05-09 14:16:54,,-89,CO00000003,VIR
2022-05-09 14:16:54,,89,LI00000003,VIR
2022-07-07 15:19:59,,-748,CO00000008,DEP
2020-09-04 13:44:44,,-214,CO00000002,RET
2021-04-16 15:52:12,,-542,CO00000003,VIR
2021-04-16 15:52:12,,542,CO00000006,VIR
2022-01-08 07:30:41,,-603,LI00000006,RET
2022-07-18 10:31:02,,-993,CO00000006,RET
2022-09-13 06:53:46,,-768,CO00000007,RET
2022-02-26 21:29:28,,-825,CO00000012,RET
2021-11-15 11:15:11,,-584,CO00000004,RET
2022-08-08 03:15:53,,-697,CO00000003,DEP
2020-10-02 11:46:54,,-948,CO00000005,VIR
2020-10-02 11:46:54,,948,CO00000008,VIR
2020-07-08 23:09:01,,-718,CO00000008,RET
2021-04-20 13:12:34,,-28,CO00000007,RET
2022-06-23 22:18:17,,-233,CC00000001,DEP
2022-12-31 04:51:36,,-978,CO00000011,RET
2020-04-05 21:07:56,,-411,CO00000008,DEP
2022-05-14 09:00:47,,-80,CO00000012,DEP
2021-10-16 11:06:17,,-735,CC00000001,RET
2020-08-07 21:34:16,,-811,CC00000001,DEP
2022-03-01 22:06:10,,-844,LI00000001,DEP
2022-02-26 11:06:41,,-808,CC00000002,DEP
2022-04-13 04:07:09,,-361,CO00000004,VIR
2022-04-13 04:07:09,,361,CO00000001,VIR
2021-01-05 04:05:08,,-938,CO00000003,DEP
2020-08-16 16:25:08,,-706,CO00000007,DEP
2021-10-14 04:55:35,,-47,LI00000003,VIR
2021-10-14 04:55:35,,47,LI00000003,VIR
2020-10-28 13:22:43,,-479,LI00000003,RET
2022-06-24 10:34:43,,-350,CC00000001,DEP
2021-11-03 20:48:04,,-366,LI00000005,RET
2020-03-06 06:04:47,,-279,LI00000004,VIR
2020-03-06 06:04:47,,279,CO00000001,VIR
2020-03-16 16:40:07,,-426,CO00000006,VIR
2020-03-16 16:40:07,,426,CO00000007,VIR
2021-09-07 23:07:40,,-288,CC00000002,VIR
2021-09-07 23:07:40,,288,CO00000006,VIR
2020-12-18 21:34:07,,-467,CO00000003,VIR
2020-12-18 21:34:07,,467,CO00000007,VIR
2022-10-17 02:59:35,,-396,CO00000004,DEP
2021-12-05 22:35:57,,-354,CO00000007,RET
2020-11-17 13:45:58,,-34,CC00000002,RET
2020-10-01 17:43:34,,-507,LI00000006,VIR
2020-10-01 17:43:34,,507,CO00000010,VIR
2022-08-16 06:54:26,,-959,CO00000007,VIR
2022-08-16 06:54:26,,959,LI00000002,VIR
2020-08-25 19:35:28,,-313,CO00000004,VIR
2020-08-25 19:35:28,,313,CC00000002,VIR
2020-12-10 02:12:24,,-146,CO00000004,VIR
2020-12-10 02:12:24,,146,CC00000002,VIR
2020-07-31 21:28:13,,-978,LI00000004,RET
2022-06-03 05:00:41,,-505,LI00000002,VIR
2022-06-03 05:00:41,,505,CC00000001,VIR
2021-04-11 05:41:22,,-202,LI00000001,DEP
2022-07-23 06:46:40,,-302,CO00000008,VIR
2022-07-23 06:46:40,,302,CO00000010,VIR
2022-11-07 10:22:10,,-302,CO00000002,VIR
2022-11-07 10:22:10,,302,CC00000002,VIR
2022-03-18 01:51:32,,-890,CO00000008,DEP
2020-09-27 08:32:40,,-876,CO00000004,RET
2021-05-27 10:53:21,,-393,CO00000002,RET
2021-05-31 12:19:09,,-648,CO00000008,VIR
2021-05-31 12:19:09,,648,CO00000004,VIR
2020-12-15 17:22:26,,-895,CO00000009,DEP
2022-04-28 09:42:29,,-420,LI00000003,RET
2020-11-28 04:09:06,,-598,LI00000006,RET
2020-09-16 07:29:34,,-806,LI00000002,DEP
2020-12-30 14:10:00,,-646,CO00000009,DEP
2022-02-01 09:14:38,,-243,CO00000012,DEP
2021-02-28 07:13:58,,-943,CO00000009,RET
2021-07-15 07:22:03,,-619,CC00000002,VIR
2021-07-15 07:22:03,,619,LI00000006,VIR
2021-08-19 00:13:40,,-563,LI00000001,RET
2020-05-20 05:15:50,,-364,CO00000004,RET
2021-08-06 23:33:13,,-145,CC00000002,VIR
2021-08-06 23:33:13,,145,LI00000001,VIR
2020-09-08 11:04:29,,-33,LI00000002,DEP
2021-09-07 23:39:11,,-75,CO00000005,VIR
2021-09-07 23:39:11,,75,CO00000003,VIR
2022-12-31 21:35:49,,-739,CO00000002,RET
2020-09-29 05:16:49,,-843,CC00000001,DEP
2020-11-02 23:47:03,,-388,LI00000001,RET
2021-03-28 05:00:51,,-920,CO00000007,VIR
2021-03-28 05:00:51,,920,LI00000003,VIR
2020-10-21 17:03:47,,-724,CO00000005,DEP
2021-08-02 13:15:36,,-68,CC00000002,RET
2020-04-02 06:54:52,,-226,LI00000002,DEP
2021-01-02 09:06:00,,-767,CO00000003,DEP
2022-07-02 13:54:52,,-935,CO00000008,DEP
2023-01-12 02:03:31,,-493,CO00000002,VIR
2023-01-12 02:03:31,,493,LI00000002,VIR
2021-03-30 13:09:59,,-531,CO00000011,RET
2022-12-28 18:07:32,,-745,CO00000012,RET
2020-10-14 19:16:11,,-576,LI00000002,RET
2020-03-02 15:27:05,,-350,CO00000002,RET
2022-08-13 12:04:44,,-311,CC00000002,RET
2021-09-06 12:03:36,,-272,CC00000002,RET
2020-12-14 12:35:30,,-820,CC00000002,DEP
2020-12-13 07:13:30,,-891,CO00000007,VIR
2020-12-13 07:13:30,,891,CO00000008,VIR
2021-02-08 23:27:23,,-174,CO00000005,RET
2020-03-30 03:49:33,,-849,LI00000005,RET
2022-08-06 01:01:40,,-498,CO00000007,VIR
2022-08-06 01:01:40,,498,LI00000004,VIR
2022-01-29 11:24:06,,-358,LI00000003,DEP
2021-03-07 00:40:19,,-466,CO00000006,RET
2020-09-07 12:34:35,,-723,LI00000003,RET
2021-05-22 03:24:44,,-639,LI00000001,DEP
2022-11-05 01:21:53,,-352,CO00000001,VIR
2022-11-05 01:21:53,,352,CO00000010,VIR
2022-05-23 07:25:57,,-662,CO00000004,RET
2020-07-07 21:24:29,,-451,LI00000004,DEP
2022-11-23 03:19:59,,-82,CO00000012,VIR
2022-11-23 03:19:59,,82,CO00000002,VIR
2020-05-11 19:00:33,,-755,CO00000007,RET
2020-09-19 14:18:43,,-488,LI00000001,DEP
2021-05-11 22:10:02,,-606,LI00000006,DEP
2021-05-22 11:41:02,,-52,CC00000002,VIR
2021-05-22 11:41:02,,52,LI00000003,VIR
2020-11-10 03:53:42,,-163,CC00000002,VIR
2020-11-10 03:53:42,,163,LI00000005,VIR
2020-09-19 15:35:11,,-300,CO00000007,RET
2020-02-01 13:12:16,,-823,CO00000003,RET
2020-11-24 20:26:30,,-733,CO00000012,DEP
2022-07-10 01:48:03,,-338,CO00000008,DEP
2022-10-09 06:14:12,,-525,CO00000008,RET
2021-03-30 02:10:40,,-34,CO00000006,DEP
2020-05-30 15:00:22,,-260,CO00000007,VIR
2020-05-30 15:00:22,,260,LI00000001,VIR
2022-06-18 20:01:02,,-874,CO00000011,DEP
2022-12-09 01:46:09,,-737,CO00000011,VIR
2022-12-09 01:46:09,,737,CO00000001,VIR
2021-10-30 03:15:15,,-902,LI00000004,VIR
2021-10-30 03:15:15,,902,CO00000001,VIR
2020-09-25 10:26:35,,-227,CO00000012,RET
2020-03-14 03:23:48,,-228,LI00000001,DEP
2021-10-01 08:09:32,,-486,LI00000003,DEP
2021-07-12 04:12:08,,-602,CO00000008,DEP
2022-02-15 12:46:18,,-301,LI00000002,DEP
2021-01-16 11:37:42,,-465,CO00000003,VIR
2021-01-16 11:37:42,,465,CO00000002,VIR
2022-03-31 20:13:11,,-790,LI00000006,DEP
2022-01-17 21:57:13,,-602,CO00000003,DEP
2020-12-20 05:34:37,,-927,CO00000011,VIR
2020-12-20 05:34:37,,927,LI00000003,VIR
2022-11-18 00:29:05,,-781,CO00000004,RET
2020-05-26 10:09:40,,-41,CO00000004,DEP
2022-09-18 06:20:20,,-733,CO00000005,RET
2023-01-05 15:15:22,,-183,CO00000008,VIR
2023-01-05 15:15:22,,183,CO00000009,VIR
2020-08-22 02:50:40,,-903,CO00000004,RET
2021-11-27 09:29:00,,-276,CC00000001,RET
2020-03-03 19:38:01,,-725,LI00000005,RET
2021-12-08 16:56:20,,-373,LI00000002,VIR
2021-12-08 16:56:20,,373,LI00000003,VIR
2021-12-28 14:33:23,,-496,CO00000006,RET
2021-12-27 10:14:41,,-774,LI00000002,RET
2021-10-30 21:52:09,,-697,CO00000001,DEP
2021-07-28 06:06:56,,-995,LI00000006,RET
2022-01-13 14:13:26,,-708,CO00000012,RET
2022-06-28 05:11:27,,-887,CO00000001,DEP
2021-09-26 01:28:19,,-471,LI00000002,DEP
2022-04-20 21:22:41,,-858,LI00000001,VIR
2022-04-20 21:22:41,,858,LI00000005,VIR
2021-09-07 16:24:35,,-126,CO00000003,DEP
2021-06-16 00:42:29,,-263,CO00000008,VIR
2021-06-16 00:42:29,,263,CO00000006,VIR
2020-10-15 10:04:57,,-275,CO00000001,RET
2022-06-07 21:38:45,,-683,CO00000011,DEP
2021-06-04 14:19:55,,-753,LI00000005,DEP
2021-01-06 01:20:35,,-293,CO00000005,VIR
2021-01-06 01:20:35,,293,CC00000001,VIR
2021-10-03 05:28:32,,-585,LI00000005,DEP
2020-09-28 16:00:31,,-454,CO00000006,VIR
2020-09-28 16:00:31,,454,LI00000003,VIR
2020-08-11 21:14:29,,-314,LI00000002,VIR
2020-08-11 21:14:29,,314,CO00000010,VIR
2021-04-06 20:33:19,,-822,LI00000001,RET
2021-08-28 22:57:45,,-380,LI00000004,RET
2022-04-11 23:45:43,,-61,CO00000003,VIR
2022-04-11 23:45:43,,61,LI00000006,VIR
2020-08-22 06:34:38,,-402,LI00000004,RET
2021-07-25 06:10:42,,-890,CO00000003,VIR
2021-07-25 06:10:42,,890,LI00000002,VIR
2021-09-12 02:22:22,,-447,LI00000004,RET
2022-07-30 19:53:28,,-689,CO00000004,VIR
2022-07-30 19:53:28,,689,CO00000002,VIR
2020-04-16 08:05:35,,-724,CO00000006,RET
2022-06-13 18:45:36,,-299,CO00000012,RET
2021-06-28 05:46:15,,-615,LI00000004,RET
2022-06-26 09:52:57,,-344,LI00000003,DEP
2021-07-31 00:58:22,,-600,CO00000010,DEP
2022-11-21 11:46:29,,-218,CO00000008,RET
2022-05-13 20:17:50,,-91,CO00000002,DEP
2021-07-17 10:15:41,,-445,CO00000003,DEP
2022-08-29 22:40:44,,-180,CO00000001,DEP
2022-09-21 07:31:18,,-921,LI00000004,DEP
2022-04-05 00:14:51,,-209,CC00000001,VIR
2022-04-05 00:14:51,,209,CO00000008,VIR
2021-02-17 15:31:49,,-526,LI00000005,DEP
2022-07-18 15:38:43,,-810,CO00000008,DEP
2022-04-03 17:29:15,,-977,LI00000005,RET
2022-03-21 05:51:46,,-991,LI00000001,RET
2020-06-16 18:05:24,,-236,LI00000005,RET
2021-01-23 06:59:57,,-195,CO00000010,RET
2021-01-13 20:38:18,,-921,CC00000002,DEP
2021-03-10 19:57:25,,-600,LI00000001,VIR
2021-03-10 19:57:25,,600,CO00000005,VIR
2021-09-08 12:51:26,,-444,CC00000002,RET
2021-09-04 10:39:24,,-486,CO00000003,VIR
2021-09-04 10:39:24,,486,CO00000001,VIR
2020-08-20 11:58:50,,-85,CO00000001,DEP
2022-03-10 19:39:27,,-262,CO00000006,RET
2022-01-27 15:12:58,,-988,CO00000001,VIR
2022-01-27 15:12:58,,988,LI00000004,VIR
2022-02-01 01:54:33,,-904,CO00000012,VIR
2022-02-01 01:54:33,,904,CO00000006,VIR
2022-07-31 08:39:33,,-743,CO00000010,VIR
2022-07-31 08:39:33,,743,LI00000003,VIR
2022-01-16 04:35:03,,-246,LI00000002,DEP
2021-09-24 11:55:56,,-902,LI00000001,VIR
2021-09-24 11:55:56,,902,LI00000001,VIR
2020-06-25 14:03:40,,-438,LI00000006,VIR
2020-06-25 14:03:40,,438,CO00000002,VIR
2021-03-23 19:30:34,,-631,CO00000012,DEP
2021-01-20 02:11:22,,-180,CO00000004,VIR
2021-01-20 02:11:22,,180,CO00000009,VIR
2021-03-28 14:11:40,,-163,CC00000002,DEP
2021-11-14 23:05:23,,-191,CO00000005,VIR
2021-11-14 23:05:23,,191,CO00000008,VIR
2022-02-28 19:20:09,,-374,CC00000001,DEP
2022-11-26 08:14:26,,-315,LI00000006,RET
2021-02-17 09:50:32,,-672,LI00000003,RET
2022-01-22 02:41:00,,-6,CC00000002,RET
2021-03-24 08:30:59,,-903,LI00000003,RET
2021-08-23 02:38:35,,-433,CO00000006,DEP
2022-07-01 07:56:21,,-534,LI00000002,VIR
2022-07-01 07:56:21,,534,CO00000005,VIR
2022-08-04 16:23:02,,-642,LI00000006,DEP
2021-12-22 12:55:42,,-63,LI00000003,VIR
2021-12-22 12:55:42,,63,LI00000006,VIR
2020-12-01 03:35:11,,-935,LI00000002,RET
2022-11-05 16:46:02,,-593,CO00000011,VIR
2022-11-05 16:46:02,,593,CO00000008,VIR
2021-12-22 19:10:18,,-361,CC00000001,DEP
2022-01-01 10:09:05,,-13,CO00000012,VIR
2022-01-01 10:09:05,,13,LI00000006,VIR
2022-06-24 16:34:34,,-99,CO00000009,RET
2022-02-24 12:51:34,,-391,LI00000005,RET
2022-05-17 20:24:25,,-462,CO00000010,RET
2021-12-13 01:31:06,,-283,CO00000003,RET
2020-08-01 21:24:16,,-37,CO00000003,RET
2022-08-25 08:42:22,,-756,CO00000003,DEP
2021-12-28 09:27:04,,-394,LI00000005,VIR
2021-12-28 09:27:04,,394,LI00000001,VIR
2020-11-16 08:21:10,,-729,CO00000010,RET
2022-09-04 10:16:10,,-107,CC00000002,RET
2022-09-10 02:03:16,,-700,CO00000005,VIR
2022-09-10 02:03:16,,700,CC00000002,VIR
2021-07-13 20:11:30,,-340,CO00000003,DEP
2020-11-07 02:09:21,,-173,CC00000001,RET
2022-08-25 13:57:25,,-782,CO00000011,RET
2020-02-07 17:53:46,,-904,CC00000001,DEP
2022-10-17 08:07:33,,-69,CO00000008,RET
2021-11-16 06:50:22,,-727,LI00000001,VIR
2021-11-16 06:50:22,,727,CO00000001,VIR
2022-02-17 11:06:30,,-111,LI00000001,RET
2022-03-06 22:45:18,,-40,CO00000004,VIR
2022-03-06 22:45:18,,40,CO00000008,VIR
2022-03-12 09:24:39,,-730,LI00000005,RET
2022-09-05 16:53:02,,-763,CO00000009,VIR
2022-09-05 16:53:02,,763,CO00000004,VIR
2022-01-31 19:00:15,,-312,CC00000001,RET
2022-06-26 13:31:21,,-248,CO00000008,VIR
2022-06-26 13:31:21,,248,CO00000012,VIR
2022-09-25 09:22:26,,-708,CC00000001,RET
2021-02-17 21:43:11,,-768,CO00000008,DEP
2022-01-26 17:06:29,,-698,LI00000005,VIR
2022-01-26 17:06:29,,698,CC00000001,VIR
2020-12-11 21:39:42,,-540,CO00000005,DEP
2022-08-03 14:01:35,,-861,LI00000005,RET
2020-05-01 09:24:25,,-367,CO00000012,VIR
2020-05-01 09:24:25,,367,LI00000006,VIR
2022-07-25 22:10:53,,-612,CO00000011,RET
2021-10-22 04:53:40,,-867,CO00000002,DEP
2020-02-11 21:55:06,,-231,LI00000002,VIR
2020-02-11 21:55:06,,231,CO00000003,VIR
2020-06-28 21:19:25,,-48,CO00000010,VIR
2020-06-28 21:19:25,,48,CC00000001,VIR
2020-10-19 13:50:35,,-971,CO00000012,RET
2022-05-26 18:21:28,,-163,CO00000010,VIR
2022-05-26 18:21:28,,163,LI00000003,VIR
2020-03-15 03:57:11,,-354,LI00000006,VIR
2020-03-15 03:57:11,,354,CO00000009,VIR
2022-05-13 02:46:44,,-656,CO00000009,VIR
2022-05-13 02:46:44,,656,CO00000004,VIR
2021-06-23 06:37:37,,-91,CO00000010,VIR
2021-06-23 06:37:37,,91,CO00000004,VIR
2022-04-20 00:43:47,,-790,CO00000011,RET
2020-10-06 15:06:52,,-413,CO00000004,RET
2022-05-11 05:37:32,,-277,LI00000006,VIR
2022-05-11 05:37:32,,277,CO00000001,VIR
2020-12-10 13:57:54,,-2,CO00000006,RET
2022-01-15 23:29:23,,-966,CC00000001,VIR
2022-01-15 23:29:23,,966,CO00000007,VIR
2021-11-23 11:10:43,,-531,LI00000003,DEP
2020-09-13 14:46:48,,-291,CO00000003,DEP
2022-12-01 18:29:30,,-54,CO00000003,DEP
2020-05-09 04:09:28,,-826,LI00000002,RET
2022-12-24 16:24:29,,-864,LI00000002,VIR
2022-12-24 16:24:29,,864,CC00000001,VIR
2020-04-11 22:11:48,,-552,CO00000012,DEP
2021-07-16 16:40:50,,-373,CO00000010,VIR
2021-07-16 16:40:50,,373,CC00000002,VIR
2022-01-20 01:48:55,,-716,LI00000002,RET
2020-06-01 20:33:16,,-916,CO00000007,DEP
2020-04-17 05:00:20,,-966,LI00000001,RET
2020-09-27 14:39:17,,-272,CO00000007,VIR
2020-09-27 14:39:17,,272,CO00000010,VIR
2020-03-31 10:35:18,,-630,CO00000002,VIR
2020-03-31 10:35:18,,630,CO00000001,VIR
2020-10-30 10:55:38,,-912,CO00000008,VIR
2020-10-30 10:55:38,,912,CO00000011,VIR
2022-10-02 03:58:30,,-894,CO00000002,VIR
2022-10-02 03:58:30,,894,CO00000010,VIR
2020-04-21 03:42:06,,-119,CO00000012,DEP
2022-06-30 22:10:50,,-160,CO00000002,RET
2021-01-18 09:01:51,,-707,LI00000004,VIR
2021-01-18 09:01:51,,707,LI00000003,VIR
2020-10-08 17:08:56,,-208,LI00000001,VIR
2020-10-08 17:08:56,,208,CC00000002,VIR
2020-02-14 14:20:02,,-958,LI00000003,VIR
2020-02-14 14:20:02,,958,CO00000004,VIR
2020-06-14 12:42:34,,-932,CO00000009,RET
2021-10-06 18:51:14,,-633,CO00000010,RET
2020-03-17 09:41:18,,-616,CO00000003,VIR
2020-03-17 09:41:18,,616,LI00000005,VIR
2021-11-28 13:51:24,,-763,LI00000001,DEP
2022-08-21 18:43:41,,-795,CO00000012,RET
2020-10-10 03:17:45,,-471,LI00000003,VIR
2020-10-10 03:17:45,,471,CO00000007,VIR
2021-10-02 19:09:28,,-868,LI00000003,DEP
2020-05-24 02:54:07,,-310,LI00000003,VIR
2020-05-24 02:54:07,,310,CO00000011,VIR
2022-12-28 14:25:45,,-831,CO00000011,DEP
2021-10-07 04:21:48,,-723,CC00000001,DEP
2021-10-17 22:09:25,,-545,CO00000011,VIR
2021-10-17 22:09:25,,545,LI00000005,VIR
2022-11-22 23:26:41,,-496,LI00000001,RET
2020-05-11 14:34:03,,-196,CO00000009,VIR
2020-05-11 14:34:03,,196,CO00000002,VIR
2022-06-27 07:35:05,,-800,LI00000001,VIR
2022-06-27 07:35:05,,800,LI00000002,VIR
2020-07-08 02:35:38,,-590,CO00000006,DEP
2022-06-04 19:50:29,,-189,CO00000009,VIR
2022-06-04 19:50:29,,189,CO00000011,VIR
2020-10-05 09:43:13,,-674,LI00000001,DEP
2022-09-25 12:01:41,,-135,CO00000004,DEP
2020-09-07 17:13:15,,-733,CO00000001,VIR
2020-09-07 17:13:15,,733,LI00000004,VIR
2022-07-18 12:16:45,,-305,CO00000004,DEP
2022-06-16 12:07:46,,-530,LI00000005,RET
2020-02-24 23:22:18,,-225,CO00000003,DEP
2022-02-25 12:09:31,,-281,LI00000006,DEP
2020-11-24 12:31:32,,-752,CC00000002,VIR
2020-11-24 12:31:32,,752,CO00000010,VIR
2020-09-19 07:06:22,,-906,CO00000010,DEP
2021-03-20 08:54:16,,-640,CO00000001,RET
2020-02-26 14:52:34,,-233,CC00000002,VIR
2020-02-26 14:52:34,,233,LI00000004,VIR
2022-09-12 01:06:02,,-393,LI00000005,VIR
2022-09-12 01:06:02,,393,LI00000006,VIR
2020-11-17 18:06:10,,-840,CO00000003,RET
2022-10-19 09:36:02,,-904,CO00000009,RET
2021-03-04 03:04:51,,-210,LI00000004,RET
2022-10-22 10:50:58,,-425,CC00000001,VIR
2022-10-22 10:50:58,,425,CO00000007,VIR
2020-08-02 18:34:51,,-555,LI00000003,RET
2022-07-24 21:10:17,,-593,LI00000003,RET
2022-03-30 20:26:12,,-552,CC00000001,DEP
2022-10-08 15:19:43,,-388,CO00000003,DEP
2022-04-10 03:37:35,,-182,CO00000002,DEP
2021-08-21 01:26:35,,-653,CO00000011,DEP
2022-03-02 16:28:17,,-206,LI00000003,RET
2020-06-19 09:53:29,,-265,LI00000004,DEP
2021-10-03 05:11:29,,-673,CO00000012,VIR
2021-10-03 05:11:29,,673,CO00000010,VIR
2020-04-29 16:29:08,,-473,CO00000010,RET
2021-03-02 15:07:30,,-646,CO00000003,DEP
2020-11-14 11:31:07,,-787,CO00000001,DEP
2022-01-18 15:36:16,,-721,CC00000002,DEP
2020-06-14 18:51:25,,-179,LI00000002,VIR
2020-06-14 18:51:25,,179,CO00000005,VIR
2020-07-31 20:42:16,,-380,CC00000001,DEP
2020-10-27 07:15:41,,-305,CO00000004,DEP
2020-03-06 21:19:38,,-501,CO00000001,VIR
2020-03-06 21:19:38,,501,CO00000010,VIR
2021-04-16 12:36:47,,-426,LI00000005,DEP
2021-02-02 23:49:53,,-290,LI00000001,VIR
2021-02-02 23:49:53,,290,CO00000005,VIR
2020-03-20 14:59:57,,-744,CO00000011,RET
2022-09-17 08:04:07,,-749,CO00000004,DEP
2021-05-12 22:49:16,,-392,CO00000005,RET
2021-12-12 08:41:44,,-228,LI00000004,DEP
2020-10-06 09:50:58,,-317,CO00000011,VIR
2020-10-06 09:50:58,,317,LI00000002,VIR
2021-07-07 22:02:47,,-236,LI00000006,VIR
2021-07-07 22:02:47,,236,CO00000003,VIR
2020-08-04 06:24:37,,-79,LI00000006,VIR
2020-08-04 06:24:37,,79,CO00000002,VIR
2020-03-09 03:41:23,,-394,CO00000001,DEP
2021-04-19 22:04:20,,-31,LI00000005,VIR
2021-04-19 22:04:20,,31,CO00000005,VIR
2022-01-16 01:43:56,,-755,CC00000001,DEP
2020-12-03 11:48:39,,-903,CO00000001,RET
2021-03-27 23:17:43,,-517,CO00000009,RET
2022-06-25 17:40:53,,-275,CO00000003,DEP
2021-08-17 08:39:19,,-174,CO00000008,DEP
2021-02-02 05:39:26,,-930,CO00000003,RET
2020-03-16 10:03:54,,-780,CO00000012,DEP
2022-05-26 10:18:24,,-176,LI00000004,RET
2022-09-28 16:31:11,,-826,CO00000002,DEP
2020-03-28 12:41:18,,-605,CO00000012,DEP
2021-06-15 16:30:18,,-919,CO00000008,DEP
2021-05-04 06:30:42,,-210,LI00000003,RET
2021-11-07 10:23:17,,-429,CO00000008,DEP
2022-01-15 05:34:13,,-452,CO00000009,DEP
2022-02-25 20:41:54,,-633,LI00000003,DEP
2021-03-12 18:41:22,,-905,CO00000005,DEP
2021-01-08 22:33:48,,-84,CC00000001,RET
2021-02-14 18:27:03,,-359,CO00000010,RET
2020-08-05 11:31:39,,-228,CO00000007,RET
2022-06-14 05:55:45,,-518,CO00000008,DEP
2022-02-27 07:01:20,,-521,CO00000001,VIR
2022-02-27 07:01:20,,521,CO00000006,VIR
2022-01-07 08:38:37,,-611,CO00000009,VIR
2022-01-07 08:38:37,,611,CO00000004,VIR
2022-06-19 08:53:21,,-122,LI00000004,DEP
2022-05-11 10:57:37,,-225,CC00000001,VIR
2022-05-11 10:57:37,,225,CO00000011,VIR
2022-01-07 14:21:58,,-233,CO00000010,RET
2020-09-10 12:14:52,,-845,CO00000006,RET
2022-01-23 19:17:25,,-82,CC00000001,DEP
2022-12-27 07:06:19,,-501,LI00000005,DEP
2022-02-25 00:27:31,,-132,LI00000002,RET
2022-06-22 02:19:18,,-292,CO00000004,RET
2021-07-26 10:26:09,,-296,LI00000001,VIR
2021-07-26 10:26:09,,296,CC00000001,VIR
2020-12-02 05:00:06,,-7,LI00000006,DEP
2020-02-22 05:26:04,,-115,LI00000001,DEP
2020-05-03 06:01:24,,-923,CC00000002,DEP
2020-02-08 12:21:53,,-348,CO00000010,RET
2020-02-21 19:54:04,,-47,CO00000011,RET
2022-09-25 21:27:42,,-237,CO00000010,VIR
2022-09-25 21:27:42,,237,LI00000002,VIR
2020-08-12 07:28:28,,-586,LI00000004,VIR
2020-08-12 07:28:28,,586,CO00000001,VIR
2021-03-17 22:17:28,,-434,LI00000003,DEP
2021-05-07 20:44:11,,-308,LI00000004,RET
2021-02-02 04:54:46,,-93,CO00000008,DEP
2020-07-06 00:21:18,,-651,CO00000011,DEP
2022-02-15 00:28:28,,-154,CO00000007,DEP
2021-10-01 20:20:31,,-635,CO00000012,DEP
2021-07-19 13:49:16,,-507,CO00000009,RET
2021-01-24 15:56:56,,-297,CO00000005,VIR
2021-01-24 15:56:56,,297,LI00000002,VIR
2021-07-18 16:41:32,,-664,CO00000006,RET
2021-08-10 22:18:56,,-491,CO00000010,RET
2021-08-27 22:05:11,,-772,CO00000009,VIR
2021-08-27 22:05:11,,772,CO00000009,VIR
2021-11-27 01:12:17,,-616,LI00000005,RET
2020-08-11 07:39:01,,-797,CO00000006,VIR
2020-08-11 07:39:01,,797,CO00000007,VIR
2022-06-10 15:28:35,,-691,LI00000002,VIR
2022-06-10 15:28:35,,691,LI00000005,VIR
2022-08-20 23:47:45,,-874,LI00000001,RET
2021-07-08 08:28:22,,-485,CC00000001,DEP
2022-11-15 16:31:04,,-412,CO00000002,RET
2022-09-16 23:48:30,,-355,LI00000006,DEP
2020-05-20 00:54:17,,-827,CO00000004,DEP
2020-05-27 09:49:33,,-40,CO00000008,VIR
2020-05-27 09:49:33,,40,CO00000005,VIR
2020-12-23 06:33:49,,-205,CO00000001,VIR
2020-12-23 06:33:49,,205,CO00000010,VIR
2021-04-03 08:14:43,,-682,CC00000002,RET
2021-06-15 11:47:42,,-748,LI00000004,VIR
2021-06-15 11:47:42,,748,CO00000009,VIR
2020-02-19 11:17:16,,-563,LI00000004,RET
2021-09-27 07:00:04,,-101,CO00000007,DEP
2021-11-17 21:00:38,,-249,CO00000002,DEP
2022-02-26 16:15:38,,-436,CO00000001,DEP
2021-11-05 13:49:16,,-290,LI00000005,VIR
2021-11-05 13:49:16,,290,LI00000005,VIR
2022-07-07 19:15:34,,-627,CO00000008,RET
2022-01-06 01:05:12,,-185,CO00000011,DEP
2021-10-01 02:03:15,,-465,LI00000002,DEP
2020-02-28 06:54:00,,-856,CC00000002,RET
2020-05-28 09:58:11,,-764,LI00000005,DEP
2020-06-07 05:56:37,,-531,CO00000009,VIR
2020-06-07 05:56:37,,531,CO00000007,VIR
2022-11-14 22:50:34,,-30,CO00000012,DEP
2020-09-21 09:19:01,,-612,CO00000010,VIR
2020-09-21 09:19:01,,612,LI00000006,VIR
2022-05-22 01:18:36,,-828,CO00000008,VIR
2022-05-22 01:18:36,,828,CO00000006,VIR
2021-04-13 21:17:23,,-764,CO00000002,DEP
2020-08-24 12:00:34,,-203,CO00000007,DEP
2020-04-21 08:19:34,,-583,CO00000006,VIR
2020-04-21 08:19:34,,583,CO00000006,VIR
2020-07-06 10:48:33,,-464,CO00000011,VIR
2020-07-06 10:48:33,,464,LI00000001,VIR
2023-01-01 16:12:07,,-756,CO00000006,RET
2022-04-15 06:46:08,,-578,CO00000011,VIR
2022-04-15 06:46:08,,578,CO00000001,VIR
2020-10-21 09:09:49,,-741,LI00000003,RET
2021-08-19 17:11:33,,-485,CC00000001,DEP
2022-09-03 04:03:23,,-771,CO00000006,RET
2020-12-06 22:31:56,,-808,CO00000005,DEP
2022-01-25 03:43:24,,-866,LI00000002,DEP
2021-01-24 04:05:02,,-773,CC00000002,VIR
2021-01-24 04:05:02,,773,CO00000005,VIR
2020-05-17 08:12:37,,-415,CO00000006,VIR
2020-05-17 08:12:37,,415,LI00000006,VIR
2020-06-18 12:42:41,,-121,CO00000010,DEP
2021-05-24 07:18:00,,-394,LI00000006,RET
2021-09-23 15:16:51,,-363,LI00000005,DEP
2020-05-24 23:07:48,,-555,CO00000002,RET
2022-04-02 13:14:51,,-641,LI00000006,DEP
2020-02-25 20:24:04,,-766,CO00000009,VIR
2020-02-25 20:24:04,,766,CO00000008,VIR
2022-02-15 16:05:01,,-353,CO00000009,RET
2021-11-18 05:51:56,,-570,CO00000006,DEP
2022-06-22 14:28:29,,-33,LI00000005,DEP
2020-08-16 03:14:48,,-177,CO00000006,DEP
2022-11-22 00:03:01,,-438,CO00000005,DEP
2022-08-25 02:37:32,,-753,CO00000011,VIR
2022-08-25 02:37:32,,753,CO00000008,VIR
2021-12-22 22:35:50,,-642,CO00000010,DEP
2022-01-30 03:41:10,,-418,CO00000011,RET
2021-06-02 05:35:35,,-847,LI00000005,VIR
2021-06-02 05:35:35,,847,LI00000005,VIR
2022-04-06 06:11:48,,-328,CO00000009,RET
2021-10-29 12:26:07,,-23,CO00000011,VIR
2021-10-29 12:26:07,,23,CC00000001,VIR
2020-12-06 22:53:25,,-499,CO00000009,DEP
2021-08-09 02:05:20,,-989,LI00000005,VIR
2021-08-09 02:05:20,,989,CO00000010,VIR
2022-01-27 16:24:19,,-632,LI00000001,DEP
2022-11-24 20:23:41,,-128,CO00000009,RET
2022-05-11 07:21:11,,-710,CO00000002,VIR
2022-05-11 07:21:11,,710,CO00000010,VIR
2022-04-09 12:05:43,,-35,CO00000003,DEP
2021-03-20 04:58:34,,-641,CO00000005,VIR
2021-03-20 04:58:34,,641,CO00000010,VIR
2022-10-20 15:02:15,,-325,LI00000003,DEP
2022-07-04 14:18:26,,-740,CO00000012,VIR
2022-07-04 14:18:26,,740,CO00000004,VIR
2020-03-15 22:27:07,,-287,LI00000006,RET
2021-11-23 06:35:56,,-245,CO00000010,DEP
2020-12-22 02:26:36,,-638,CO00000006,DEP
2022-05-10 06:16:02,,-753,CO00000004,DEP
2021-03-19 23:27:40,,-408,CO00000007,VIR
2021-03-19 23:27:40,,408,LI00000004,VIR
2021-02-23 23:09:21,,-395,CC00000001,VIR
2021-02-23 23:09:21,,395,CO00000003,VIR
2020-02-03 02:31:41,,-308,CO00000007,DEP
2021-07-15 16:19:34,,-4,CO00000012,DEP
2020-11-18 11:38:23,,-217,CO00000012,RET
2022-07-03 15:01:31,,-16,LI00000005,VIR
2022-07-03 15:01:31,,16,CC00000002,VIR
2022-06-15 08:52:51,,-391,LI00000001,VIR
2022-06-15 08:52:51,,391,CC00000001,VIR
2021-01-05 22:48:58,,-768,LI00000005,DEP
2021-11-30 23:12:02,,-890,CO00000004,VIR
2021-11-30 23:12:02,,890,CO00000004,VIR
2021-10-22 20:15:33,,-951,CO00000006,RET
2020-06-05 21:26:32,,-481,CO00000006,VIR
2020-06-05 21:26:32,,481,CO00000007,VIR
2020-04-24 10:44:37,,-408,CO00000006,DEP
2022-04-25 09:13:08,,-762,CC00000001,RET
2021-10-23 15:34:53,,-986,CO00000012,VIR
2021-10-23 15:34:53,,986,CO00000006,VIR
2022-12-20 16:44:35,,-121,LI00000006,VIR
2022-12-20 16:44:35,,121,CO00000008,VIR
2022-01-03 23:33:49,,-636,CO00000010,RET
2020-04-20 00:49:25,,-320,CC00000002,RET
2021-06-11 10:31:32,,-226,LI00000003,DEP
2020-08-22 10:31:39,,-881,CC00000001,RET
2020-05-31 12:42:19,,-859,CO00000009,DEP
2020-02-19 23:33:42,,-615,CO00000008,DEP
2020-06-27 21:29:41,,-569,CO00000006,VIR
2020-06-27 21:29:41,,569,CO00000012,VIR
2020-02-04 07:43:24,,-418,CO00000011,DEP
2022-02-24 11:18:11,,-760,CO00000011,DEP
2020-06-15 21:48:05,,-686,CO00000011,VIR
2020-06-15 21:48:05,,686,CO00000006,VIR
2022-06-23 17:56:32,,-272,CC00000001,DEP
2021-01-20 04:36:08,,-280,CO00000009,VIR
2021-01-20 04:36:08,,280,CO00000007,VIR
2021-01-11 19:21:41,,-369,CO00000006,VIR
2021-01-11 19:21:41,,369,CC00000001,VIR
2021-06-25 17:22:44,,-794,CO00000004,VIR
2021-06-25 17:22:44,,794,CO00000007,VIR
2020-08-28 18:16:34,,-377,CO00000007,DEP
2020-10-25 02:25:29,,-534,CO00000005,DEP
2021-09-01 15:59:27,,-898,CO00000004,DEP
2022-04-14 06:44:59,,-397,CO00000012,DEP
2022-04-21 07:35:46,,-678,CO00000012,RET
2020-10-07 21:39:29,,-264,CC00000002,DEP
2021-05-01 17:03:44,,-932,CO00000008,VIR
2021-05-01 17:03:44,,932,CO00000012,VIR
2022-09-14 08:47:16,,-332,CO00000012,DEP
2022-09-25 11:47:46,,-511,CO00000012,RET
2022-12-24 11:27:44,,-688,LI00000004,VIR
2022-12-24 11:27:44,,688,CO00000005,VIR
2020-06-05 04:44:26,,-292,CO00000002,RET
2021-12-29 12:59:04,,-591,CO00000006,RET
2022-08-22 19:19:53,,-333,CO00000008,RET
2020-07-15 23:15:51,,-159,CO00000002,RET
2021-04-16 15:53:54,,-256,CO00000003,RET
2020-12-23 22:44:24,,-287,CO00000007,VIR
2020-12-23 22:44:24,,287,CO00000008,VIR
2020-12-31 02:49:05,,-883,CO00000009,RET
2020-12-04 21:28:13,,-27,CO00000008,VIR
2020-12-04 21:28:13,,27,CO00000005,VIR
2020-11-29 12:30:56,,-187,CO00000003,DEP
2020-02-25 12:00:04,,-189,LI00000005,VIR
2020-02-25 12:00:04,,189,LI00000005,VIR
2021-08-05 02:14:09,,-310,CO00000011,VIR
2021-08-05 02:14:09,,310,CO00000009,VIR
2022-12-27 07:48:11,,-183,CO00000004,VIR
2022-12-27 07:48:11,,183,CO00000001,VIR
2021-03-03 21:09:28,,-982,LI00000002,VIR
2021-03-03 21:09:28,,982,LI00000002,VIR
2020-06-12 00:13:54,,-377,CO00000002,DEP
2021-12-27 04:37:00,,-189,LI00000006,RET
2020-04-01 04:39:04,,-306,LI00000003,DEP
2022-02-02 23:45:56,,-223,CO00000006,RET
2022-06-01 05:56:59,,-671,LI00000004,RET
2022-03-01 06:43:30,,-772,CO00000007,DEP
2020-09-08 23:55:13,,-271,CO00000004,DEP
2022-03-25 20:58:28,,-683,CO00000003,RET
2021-02-01 03:18:59,,-319,CO00000003,VIR
2021-02-01 03:18:59,,319,CO00000009,VIR
2020-02-21 08:53:41,,-160,CO00000002,VIR
2020-02-21 08:53:41,,160,CO00000008,VIR
2022-06-11 12:02:12,,-607,CO00000009,RET
2021-01-13 11:07:38,,-452,CO00000012,RET
2020-10-17 12:33:16,,-990,CO00000004,DEP
2022-04-06 02:24:08,,-236,CO00000009,RET
2021-10-14 12:51:42,,-176,CO00000006,VIR
2021-10-14 12:51:42,,176,LI00000002,VIR
2020-11-27 20:53:17,,-84,CO00000001,VIR
2020-11-27 20:53:17,,84,CO00000001,VIR
2021-04-19 11:31:58,,-211,CO00000007,VIR
2021-04-19 11:31:58,,211,LI00000003,VIR
2022-10-31 00:19:50,,-858,LI00000005,DEP
2021-01-22 15:18:31,,-264,LI00000005,VIR
2021-01-22 15:18:31,,264,CO00000004,VIR
2022-05-23 12:36:41,,-301,CO00000010,RET
2022-12-15 09:59:50,,-483,CC00000001,DEP
2020-11-13 03:39:35,,-631,CO00000003,RET
2021-01-13 03:16:14,,-198,CO00000005,VIR
2021-01-13 03:16:14,,198,CO00000007,VIR
2022-07-06 10:18:49,,-514,CO00000010,DEP
2022-11-11 14:30:09,,-319,LI00000004,VIR
2022-11-11 14:30:09,,319,CO00000008,VIR
2022-02-18 01:37:19,,-962,CO00000005,VIR
2022-02-18 01:37:19,,962,CO00000008,VIR
2022-09-22 11:10:11,,-811,CO00000003,VIR
2022-09-22 11:10:11,,811,LI00000005,VIR
2022-03-05 22:10:56,,-492,CO00000010,RET
2022-10-15 00:44:57,,-236,CO00000003,DEP
2021-01-21 00:50:03,,-181,CO00000005,RET
2022-03-03 13:10:40,,-119,CO00000012,DEP
2022-07-11 19:01:58,,-691,CO00000006,RET
2020-12-04 21:43:05,,-467,LI00000005,DEP
2021-09-11 21:23:15,,-35,LI00000004,DEP
2021-08-25 05:28:29,,-368,CO00000003,VIR
2021-08-25 05:28:29,,368,CO00000004,VIR
2022-06-20 04:26:42,,-124,LI00000005,DEP
2020-11-25 12:37:42,,-398,CO00000001,VIR
2020-11-25 12:37:42,,398,CC00000001,VIR
2021-11-08 14:36:51,,-361,LI00000001,RET
2021-12-29 03:31:30,,-227,LI00000004,RET
2021-04-18 11:33:03,,-414,CO00000007,DEP
2021-04-27 00:21:57,,-175,CO00000003,RET
2022-08-09 00:10:50,,-398,CC00000001,VIR
2022-08-09 00:10:50,,398,CO00000010,VIR
2022-12-14 23:49:32,,-736,CO00000005,RET
2020-12-30 01:12:49,,-589,LI00000003,DEP
2020-12-06 12:08:03,,-748,CC00000002,VIR
2020-12-06 12:08:03,,748,CO00000009,VIR
2022-11-13 01:43:01,,-715,CO00000001,RET
2020-08-07 00:44:16,,-802,CC00000002,DEP
2021-11-21 02:10:44,,-217,CO00000001,DEP
2021-08-24 20:21:15,,-761,LI00000004,RET
2021-08-24 01:23:20,,-785,LI00000004,VIR
2021-08-24 01:23:20,,785,LI00000006,VIR
2022-01-08 05:57:41,,-415,CO00000010,RET
2020-06-26 15:55:17,,-81,LI00000002,RET
2022-12-15 20:27:57,,-798,LI00000001,VIR
2022-12-15 20:27:57,,798,CO00000011,VIR
2021-03-26 01:46:08,,-360,CO00000002,RET
2022-04-26 13:28:20,,-809,CO00000012,DEP
2020-11-11 23:00:05,,-616,LI00000006,DEP
2020-10-09 22:07:24,,-921,CO00000010,RET
2022-09-27 16:25:48,,-946,LI00000006,RET
2021-06-14 12:31:01,,-787,CC00000001,VIR
2021-06-14 12:31:01,,787,CO00000011,VIR
2022-07-28 11:24:32,,-508,CO00000005,VIR
2022-07-28 11:24:32,,508,CO00000009,VIR
2020-07-19 07:20:03,,-25,LI00000002,VIR
2020-07-19 07:20:03,,25,CO00000001,VIR
2021-06-01 21:21:05,,-96,CO00000007,RET
2022-05-27 09:18:55,,-11,LI00000005,DEP
2021-04-25 09:02:55,,-822,CO00000009,RET
2021-04-04 21:07:38,,-243,LI00000002,RET
2022-07-31 21:29:48,,-314,LI00000004,RET
2020-08-13 03:58:37,,-758,CO00000001,RET
2021-07-06 02:48:28,,-670,LI00000005,VIR
2021-07-06 02:48:28,,670,CC00000002,VIR
2020-10-26 22:39:18,,-140,CO00000009,RET
2022-10-23 13:29:43,,-245,CO00000007,RET
2021-04-15 09:40:06,,-246,CO00000005,VIR
2021-04-15 09:40:06,,246,LI00000003,VIR
2021-04-19 09:03:35,,-529,CO00000010,VIR
2021-04-19 09:03:35,,529,LI00000006,VIR
2023-01-01 14:05:01,,-369,CO00000004,VIR
2023-01-01 14:05:01,,369,LI00000006,VIR
2021-06-11 05:39:12,,-210,CO00000004,RET
2021-03-23 08:49:15,,-363,CO00000006,RET
2022-07-22 09:51:54,,-781,CO00000005,VIR
2022-07-22 09:51:54,,781,CO00000003,VIR
2022-06-18 02:33:49,,-286,CC00000001,VIR
2022-06-18 02:33:49,,286,CO00000002,VIR
2020-11-27 06:50:42,,-239,CO00000009,RET
2021-07-05 02:15:08,,-978,CO00000007,DEP
2022-10-05 11:55:47,,-599,CO00000009,DEP
2022-02-22 11:56:13,,-78,CC00000002,DEP
2022-03-24 19:17:56,,-819,CO00000009,DEP
2022-09-10 07:54:42,,-344,LI00000003,RET
2022-06-15 02:41:38,,-711,LI00000004,VIR
2022-06-15 02:41:38,,711,LI00000005,VIR
2022-08-14 14:42:14,,-23,CO00000012,VIR
2022-08-14 14:42:14,,23,CO00000001,VIR
2021-01-29 17:37:34,,-480,LI00000005,DEP
2022-12-11 20:15:59,,-543,LI00000002,VIR
2022-12-11 20:15:59,,543,LI00000003,VIR
2022-11-18 14:39:15,,-873,LI00000003,VIR
2022-11-18 14:39:15,,873,LI00000004,VIR
2020-05-09 06:20:28,,-573,CO00000010,RET
2022-02-01 10:18:22,,-61,LI00000003,RET
2021-10-17 23:18:42,,-380,CO00000010,RET
2020-02-14 10:52:27,,-98,CO00000011,RET
2021-01-09 14:29:13,,-14,CO00000011,DEP
2020-05-19 03:45:58,,-484,CO00000002,RET
2020-08-07 17:39:01,,-70,LI00000002,VIR
2020-08-07 17:39:01,,70,LI00000004,VIR
2021-11-30 10:07:19,,-348,CO00000004,DEP
2021-12-05 04:19:56,,-324,CO00000012,VIR
2021-12-05 04:19:56,,324,CO00000005,VIR
2021-03-27 03:03:42,,-547,LI00000003,DEP
2020-11-10 09:47:42,,-839,CO00000001,DEP
2020-07-01 08:53:07,,-619,CO00000009,DEP
2021-11-06 16:45:57,,-801,CO00000003,DEP
2022-07-08 12:12:44,,-723,CO00000008,RET
2020-04-30 10:48:36,,-923,CO00000011,RET
2022-09-02 21:19:03,,-166,LI00000001,DEP
2020-05-30 18:19:50,,-418,CO00000009,DEP
2022-06-12 06:57:14,,-826,CO00000001,DEP
2020-06-05 02:30:41,,-661,CO00000011,DEP
2021-07-04 06:37:53,,-620,CO00000003,DEP
2020-08-31 16:21:16,,-823,CO00000002,DEP
2021-08-26 05:13:47,,-372,CO00000009,DEP
2021-11-22 22:40:36,,-325,CO00000008,RET
2021-04-13 00:11:35,,-509,CC00000002,VIR
2021-04-13 00:11:35,,509,LI00000005,VIR
2022-02-27 13:20:32,,-562,CO00000009,RET
2020-12-03 22:25:54,,-713,CO00000010,DEP
2022-01-28 12:33:58,,-132,CO00000003,VIR
2022-01-28 12:33:58,,132,CO00000007,VIR
2020-05-16 23:08:12,,-727,CO00000008,DEP
2020-03-11 21:27:42,,-572,CC00000001,DEP
2020-05-21 08:04:06,,-617,CO00000010,VIR
2020-05-21 08:04:06,,617,CC00000002,VIR
2022-10-09 06:40:41,,-903,CC00000002,VIR
2022-10-09 06:40:41,,903,LI00000005,VIR
2020-02-23 01:18:37,,-420,CO00000004,DEP
2021-10-15 15:39:56,,-760,CC00000002,VIR
2021-10-15 15:39:56,,760,LI00000004,VIR
2022-12-26 07:54:57,,-761,CO00000001,VIR
2022-12-26 07:54:57,,761,CO00000011,VIR
2020-12-05 01:32:57,,-282,CO00000002,RET
2020-05-26 19:53:35,,-878,LI00000002,DEP
2020-06-12 08:31:46,,-804,LI00000003,DEP
2021-06-09 14:59:14,,-905,LI00000002,DEP
2020-07-15 06:22:54,,-881,CO00000009,DEP
2022-02-04 21:13:21,,-559,CO00000009,RET
2020-12-11 08:41:30,,-867,CO00000011,VIR
2020-12-11 08:41:30,,867,CO00000006,VIR
2021-03-09 03:47:06,,-397,LI00000005,VIR
2021-03-09 03:47:06,,397,CO00000001,VIR
2020-09-24 21:04:46,,-791,CO00000001,RET
2020-10-21 19:06:04,,-208,LI00000001,RET
2021-11-08 10:00:17,,-249,CO00000012,VIR
2021-11-08 10:00:17,,249,CO00000007,VIR
2020-06-28 02:42:04,,-739,CO00000003,VIR
2020-06-28 02:42:04,,739,CC00000002,VIR
2020-02-12 06:50:59,,-701,CO00000008,RET
2021-07-29 11:46:39,,-732,CO00000010,VIR
2021-07-29 11:46:39,,732,LI00000006,VIR
2022-01-21 22:52:05,,-411,CO00000007,RET
2022-01-20 04:47:56,,-717,LI00000005,RET
2022-06-14 02:11:47,,-689,CO00000010,DEP
2020-12-25 20:55:01,,-16,CC00000002,RET
2022-12-15 11:26:47,,-993,LI00000005,DEP
2022-02-10 08:21:58,,-943,CO00000007,VIR
2022-02-10 08:21:58,,943,CC00000002,VIR
2022-09-25 04:16:39,,-79,CC00000002,DEP
2022-12-04 00:30:54,,-193,CO00000004,DEP
2022-05-29 15:25:25,,-720,CO00000009,RET
2022-03-20 13:51:59,,-498,LI00000004,VIR
2022-03-20 13:51:59,,498,CO00000007,VIR
2022-06-10 02:55:32,,-968,LI00000003,VIR
2022-06-10 02:55:32,,968,CO00000008,VIR
2021-05-28 04:46:46,,-759,CO00000012,DEP
2022-03-13 14:30:21,,-427,LI00000002,RET
2020-02-25 10:38:53,,-993,CO00000006,VIR
2020-02-25 10:38:53,,993,CO00000004,VIR
2021-12-25 17:36:06,,-829,LI00000002,RET
2020-05-25 18:40:23,,-531,CO00000007,DEP
2022-02-04 21:47:45,,-156,CO00000005,VIR
2022-02-04 21:47:45,,156,CO00000012,VIR
2021-08-01 12:21:36,,-703,CO00000011,DEP
2020-06-28 17:52:20,,-376,CO00000003,DEP
2020-12-25 00:35:33,,-651,CC00000002,DEP
2022-07-14 14:45:14,,-409,LI00000006,VIR
2022-07-14 14:45:14,,409,LI00000004,VIR
2021-07-09 19:45:59,,-514,CO00000006,RET
2020-09-15 10:27:05,,-548,CO00000006,RET
2022-03-23 10:37:36,,-233,LI00000006,RET
2020-07-06 11:47:05,,-159,CO00000006,RET
2022-11-14 19:13:38,,-359,LI00000006,DEP
2021-11-18 18:55:46,,-932,CO00000007,DEP
2020-04-04 17:34:11,,-905,CO00000003,RET
2020-02-19 03:46:34,,-86,LI00000001,VIR
2020-02-19 03:46:34,,86,CC00000002,VIR
2022-06-11 23:19:06,,-139,CO00000002,VIR
2022-06-11 23:19:06,,139,CO00000002,VIR
2021-01-05 13:58:24,,-68,CO00000007,DEP
2022-09-02 18:19:38,,-59,CO00000004,VIR
2022-09-02 18:19:38,,59,CO00000010,VIR
2023-01-07 13:36:29,,-405,CO00000011,VIR
2023-01-07 13:36:29,,405,CC00000001,VIR
2020-05-18 04:00:01,,-582,CO00000012,DEP
2022-01-02 18:27:45,,-389,CO00000009,DEP
2021-12-19 11:04:05,,-427,CO00000003,VIR
2021-12-19 11:04:05,,427,LI00000006,VIR
2022-01-28 14:32:41,,-794,CC00000001,VIR
2022-01-28 14:32:41,,794,LI00000004,VIR
2021-07-27 08:54:34,,-339,LI00000003,VIR
2021-07-27 08:54:34,,339,CO00000011,VIR
2021-10-07 06:48:52,,-952,LI00000001,VIR
2021-10-07 06:48:52,,952,CO00000003,VIR
2020-03-19 15:06:49,,-944,CC00000001,RET
2021-05-03 06:08:19,,-279,LI00000002,VIR
2021-05-03 06:08:19,,279,CO00000005,VIR
2022-08-17 11:50:59,,-349,CO00000003,RET
2022-11-22 00:41:35,,-77,CO00000001,VIR
2022-11-22 00:41:35,,77,CO00000004,VIR
2022-12-25 05:48:00,,-188,CO00000006,VIR
2022-12-25 05:48:00,,188,CO00000006,VIR
2020-10-20 15:38:40,,-383,CO00000005,DEP
2022-12-02 06:07:58,,-285,CO00000003,VIR
2022-12-02 06:07:58,,285,CO00000004,VIR
2022-04-15 15:19:41,,-741,CO00000002,VIR
2022-04-15 15:19:41,,741,CO00000005,VIR
2022-04-08 12:23:54,,-978,CO00000008,DEP
2022-11-11 09:39:25,,-528,CO00000008,RET
2022-02-01 14:41:55,,-187,LI00000003,VIR
2022-02-01 14:41:55,,187,LI00000006,VIR
2023-01-01 16:44:58,,-263,CO00000008,DEP
2022-12-21 15:08:53,,-145,CO00000011,DEP
2022-10-24 15:50:05,,-427,CO00000012,VIR
2022-10-24 15:50:05,,427,CC00000002,VIR
2022-12-23 15:46:55,,-457,LI00000001,DEP
2023-01-15 09:04:45,,-41,LI00000005,VIR
2023-01-15 09:04:45,,41,CO00000002,VIR
2020-11-17 06:01:18,,-212,CO00000010,RET
2020-02-18 17:21:08,,-808,LI00000001,RET
2021-05-16 10:41:34,,-904,CC00000002,VIR
2021-05-16 10:41:34,,904,CO00000002,VIR
2020-05-17 21:22:50,,-39,CO00000003,VIR
2020-05-17 21:22:50,,39,CO00000006,VIR
2021-08-13 13:31:41,,-346,CO00000003,DEP
2022-07-11 18:05:02,,-913,CO00000006,DEP
2020-07-21 00:10:30,,-911,CO00000007,DEP
2021-12-20 21:22:04,,-436,CO00000002,DEP
2021-12-04 04:49:07,,-765,CO00000012,RET
2022-11-19 23:39:13,,-768,CO00000007,VIR
2022-11-19 23:39:13,,768,LI00000005,VIR
2021-02-23 23:27:14,,-273,CO00000009,RET
2021-04-16 02:06:24,,-867,CO00000012,VIR
2021-04-16 02:06:24,,867,CO00000011,VIR
2022-01-22 13:27:11,,-675,CO00000003,VIR
2022-01-22 13:27:11,,675,CC00000002,VIR
2022-02-14 12:35:29,,-389,CO00000004,DEP
2021-12-20 10:59:45,,-351,CO00000007,RET
2022-12-17 03:57:47,,-422,LI00000005,DEP
2021-11-04 21:40:45,,-731,CC00000001,DEP
2020-02-07 03:17:19,,-428,LI00000006,VIR
2020-02-07 03:17:19,,428,LI00000003,VIR
2022-07-31 00:26:07,,-819,LI00000002,DEP
2020-08-12 04:52:31,,-454,CO00000007,RET
2022-02-09 01:50:31,,-729,CO00000009,DEP
2022-09-28 10:57:12,,-220,LI00000004,RET
2020-09-19 01:41:50,,-511,CO00000002,RET
2022-03-11 00:01:55,,-318,CO00000003,RET
2022-11-18 08:27:07,,-72,LI00000002,DEP
2020-05-22 08:01:21,,-498,CO00000006,DEP
2022-05-22 04:42:04,,-133,CO00000004,VIR
2022-05-22 04:42:04,,133,CO00000009,VIR
2021-07-15 22:21:30,,-836,CC00000001,DEP
2021-11-21 07:22:10,,-622,LI00000005,RET
2022-12-14 07:20:14,,-461,CO00000007,DEP
2021-04-05 03:08:26,,-502,CO00000010,RET
2021-04-18 20:36:56,,-337,LI00000006,DEP
2021-10-28 06:16:00,,-112,CO00000005,VIR
2021-10-28 06:16:00,,112,CO00000012,VIR
2022-10-10 19:36:10,,-373,LI00000002,RET
2022-11-10 04:26:31,,-895,CO00000005,DEP
2022-12-29 15:48:47,,-945,CO00000012,RET
2020-05-31 18:25:39,,-833,CC00000001,DEP
2021-11-06 21:14:39,,-51,LI00000003,DEP
2021-12-29 18:53:58,,-233,CO00000003,RET
2021-09-03 20:33:38,,-309,CO00000011,RET
2021-05-25 09:32:32,,-193,LI00000002,DEP
2021-01-22 10:51:40,,-537,CO00000009,VIR
2021-01-22 10:51:40,,537,CO00000003,VIR
2020-03-29 15:15:58,,-477,CO00000007,RET
2022-01-14 03:33:25,,-72,LI00000003,VIR
2022-01-14 03:33:25,,72,LI00000004,VIR
2022-06-12 07:12:51,,-430,LI00000004,RET
2023-01-09 12:08:21,,-371,CO00000012,RET
2022-06-29 03:25:52,,-412,CO00000003,RET
2022-01-18 00:31:40,,-546,CO00000003,RET
2021-02-10 16:52:04,,-515,CO00000009,DEP
2021-07-12 00:23:41,,-662,CO00000001,DEP
2021-02-10 14:28:45,,-139,CC00000001,RET
2022-06-09 03:41:48,,-954,CO00000008,VIR
2022-06-09 03:41:48,,954,CO00000008,VIR
2021-04-14 05:51:00,,-564,LI00000006,VIR
2021-04-14 05:51:00,,564,CO00000001,VIR
2022-02-20 18:37:22,,-382,CO00000011,VIR
2022-02-20 18:37:22,,382,CO00000009,VIR
2022-05-28 03:54:59,,-67,CO00000011,VIR
2022-05-28 03:54:59,,67,LI00000001,VIR
2020-08-27 23:06:18,,-808,CO00000001,DEP
2021-10-13 17:57:16,,-191,LI00000002,VIR
2021-10-13 17:57:16,,191,LI00000001,VIR
2021-12-28 21:09:01,,-635,CO00000001,DEP
2020-10-09 10:50:27,,-644,LI00000002,DEP
2022-10-13 18:30:58,,-647,CO00000008,RET
2022-07-22 23:21:07,,-894,LI00000005,RET
2022-10-31 15:47:31,,-35,CO00000009,DEP
2021-04-03 09:01:13,,-338,CO00000003,VIR
2021-04-03 09:01:13,,338,LI00000003,VIR
2022-05-11 23:50:05,,-23,LI00000004,RET
2022-03-23 14:07:55,,-544,CO00000003,RET
2020-08-07 06:52:46,,-575,CO00000010,VIR
2020-08-07 06:52:46,,575,CO00000006,VIR
2020-02-22 20:12:48,,-873,CO00000001,DEP
2020-07-11 00:31:37,,-915,CO00000009,RET
2022-09-14 16:12:59,,-972,CO00000003,DEP
2022-05-15 15:28:42,,-663,LI00000004,RET
2021-07-21 12:20:48,,-966,CO00000009,VIR
2021-07-21 12:20:48,,966,CO00000004,VIR
2020-02-24 07:35:13,,-68,CO00000002,RET
2020-07-10 09:04:46,,-838,CO00000007,DEP
2022-01-14 10:39:29,,-72,CO00000008,RET
2021-04-25 03:08:27,,-273,CC00000002,RET
2021-07-05 11:55:33,,-418,LI00000006,DEP
2022-03-30 18:53:02,,-578,CO00000003,VIR
2022-03-30 18:53:02,,578,LI00000001,VIR
2020-12-02 01:19:47,,-192,LI00000006,DEP
2022-01-23 10:35:21,,-987,LI00000002,RET
2022-03-22 17:17:39,,-776,CO00000006,VIR
2022-03-22 17:17:39,,776,CO00000010,VIR
2020-02-05 07:37:40,,-808,CO00000011,DEP
2022-03-11 19:38:14,,-862,CC00000001,VIR
2022-03-11 19:38:14,,862,CO00000009,VIR
2021-03-14 12:11:08,,-650,LI00000003,VIR
2021-03-14 12:11:08,,650,CO00000008,VIR
2021-06-17 13:53:16,,-820,CC00000002,RET
2021-07-31 08:29:06,,-444,CO00000003,RET
2022-10-01 00:08:23,,-642,CC00000001,DEP
2021-02-01 00:45:44,,-62,LI00000002,RET
2021-09-21 18:10:14,,-325,CO00000009,RET
2020-08-13 22:27:21,,-905,LI00000002,DEP
2021-01-05 07:06:12,,-974,LI00000005,DEP
2020-03-29 23:26:48,,-865,CC00000002,DEP
2020-09-19 22:50:15,,-678,LI00000002,DEP
2021-04-19 10:43:33,,-696,CO00000012,VIR
2021-04-19 10:43:33,,696,LI00000005,VIR
2022-01-23 13:52:47,,-961,CO00000008,VIR
2022-01-23 13:52:47,,961,CC00000001,VIR
2021-06-17 05:13:45,,-816,CO00000004,VIR
2021-06-17 05:13:45,,816,LI00000002,VIR
2020-08-20 13:01:42,,-936,CO00000001,RET
2020-04-24 17:35:53,,-460,CC00000001,VIR
2020-04-24 17:35:53,,460,CO00000006,VIR
2021-05-07 09:32:13,,-520,LI00000001,RET
2022-10-29 19:19:40,,-283,LI00000005,DEP
2023-01-06 09:21:27,,-359,LI00000002,DEP
2022-12-28 03:36:58,,-776,LI00000001,RET
2022-07-28 16:33:32,,-398,CO00000004,RET
2020-07-28 00:37:17,,-743,CC00000002,VIR
2020-07-28 00:37:17,,743,LI00000002,VIR
2022-11-01 06:09:03,,-706,CO00000010,DEP
